=====================================================================
 Evaluation pseudocode of the trained GRNN surrogate model
 Generated automatically by grnn2pseudocode on 20-Aug-2026 19:16:34
=====================================================================

CONSTANTS:
    Q      = 10201          // number of neurons (training samples)
    R      = 2          // input dimension
    spread = 2.000109035       // spread of the radial basis functions
    b      = 0.8326/spread = 0.4162773056
    // equivalent Gaussian sigma (Nadaraya-Watson form): 1.698750667

ALGORITHM Evaluate_GRNN(x[1..R]) RETURNS y:
    num <- 0
    den <- 0
    FOR i <- 1 TO Q DO
        // Euclidean distance to the centre of neuron i
        d <- sqrt( sum_{j=1..R} ( x[j] - c[i][j] )^2 )
        // Radial basis response of neuron i
        a <- exp( -( b * d )^2 )
        num <- num + w[i] * a
        den <- den + a
    END FOR
    y <- num / den
END ALGORITHM

FITTED PARAMETERS (one row per neuron):
       i         c[i][1]         c[i][2]            w[i]
       1             -30             -30     0.055956764
       2             -30           -25.5     0.057521266
       3             -30             -21     0.059141316
       4             -30           -16.5     0.060818492
       5             -30             -12     0.062554315
       6             -30            -7.5     0.064350233
       7             -30              -3     0.066207601
       8             -30             1.5     0.068127662
       9             -30               6     0.070111523
      10             -30            10.5     0.072160131
      11             -30              15     0.074274246
      12             -30            19.5     0.076454417
      13             -30              24     0.078700953
      14             -30            28.5     0.081013892
      15             -30              33     0.083392975
      16             -30            37.5     0.085837621
      17             -30              42     0.088346891
      18             -30            46.5     0.090919474
      19             -30              51     0.093553658
      20             -30            55.5     0.096247313
      21             -30              60     0.098997879
      22             -30            64.5      0.10180236
      23             -30              69       0.1046573
      24             -30            73.5      0.10755884
      25             -30              78      0.11050267
      26             -30            82.5       0.1134841
      27             -30              87      0.11649805
      28             -30            91.5      0.11953912
      29             -30              96      0.12260161
      30             -30           100.5      0.12567959
      31             -30             105      0.12876696
      32             -30           109.5      0.13185747
      33             -30             114      0.13494484
      34             -30           118.5      0.13802276
      35             -30             123      0.14108497
      36             -30           127.5      0.14412531
      37             -30             132      0.14713774
      38             -30           136.5      0.15011636
      39             -30             141      0.15305544
      40             -30           145.5      0.15594936
      41             -30             150      0.15879266
      42             -30           154.5      0.16157994
      43             -30             159      0.16430581
      44             -30           163.5       0.1669649
      45             -30             168      0.16955169
      46             -30           172.5      0.17206053
      47             -30             177      0.17448552
      48             -30           181.5      0.17682049
      49             -30             186      0.17905893
      50             -30           190.5      0.18119399
      51             -30             195      0.18321846
      52             -30           199.5      0.18512481
      53             -30             204      0.18690523
      54             -30           208.5      0.18855168
      55             -30             213      0.19005605
      56             -30           217.5      0.19141023
      57             -30             222      0.19260627
      58             -30           226.5      0.19363652
      59             -30             231      0.19449381
      60             -30           235.5      0.19517159
      61             -30             240       0.1956641
      62             -30           244.5      0.19596651
      63             -30             249      0.19607503
      64             -30           253.5      0.19598707
      65             -30             258      0.19570125
      66             -30           262.5       0.1952175
      67             -30             267       0.1945371
      68             -30           271.5      0.19366261
      69             -30             276      0.19259793
      70             -30           280.5      0.19134814
      71             -30             285      0.18991952
      72             -30           289.5      0.18831938
      73             -30             294      0.18655598
      74             -30           298.5      0.18463837
      75             -30             303       0.1825763
      76             -30           307.5      0.18038004
      77             -30             312      0.17806027
      78             -30           316.5      0.17562792
      79             -30             321      0.17309406
      80             -30           325.5      0.17046978
      81             -30             330      0.16776607
      82             -30           334.5      0.16499371
      83             -30             339      0.16216323
      84             -30           343.5      0.15928477
      85             -30             348      0.15636806
      86             -30           352.5      0.15342239
      87             -30             357       0.1504565
      88             -30           361.5      0.14747865
      89             -30             366       0.1444965
      90             -30           370.5      0.14151718
      91             -30             375      0.13854726
      92             -30           379.5      0.13559273
      93             -30             384      0.13265908
      94             -30           388.5      0.12975123
      95             -30             393       0.1268736
      96             -30           397.5      0.12403016
      97             -30             402      0.12122436
      98             -30           406.5      0.11845926
      99             -30             411      0.11573749
     100             -30           415.5      0.11306129
     101             -30             420      0.11043258
     102           -25.7             -30     0.056941302
     103           -25.7           -25.5     0.058566203
     104           -25.7             -21     0.060250681
     105           -25.7           -16.5     0.061996551
     106           -25.7             -12     0.063805579
     107           -25.7            -7.5      0.06567946
     108           -25.7              -3     0.067619799
     109           -25.7             1.5      0.06962809
     110           -25.7               6     0.071705684
     111           -25.7            10.5     0.073853768
     112           -25.7              15     0.076073334
     113           -25.7            19.5     0.078365146
     114           -25.7              24     0.080729709
     115           -25.7            28.5     0.083167235
     116           -25.7              33     0.085677612
     117           -25.7            37.5     0.088260364
     118           -25.7              42     0.090914627
     119           -25.7            46.5     0.093639112
     120           -25.7              51     0.096432077
     121           -25.7            55.5      0.09929131
     122           -25.7              60       0.1022141
     123           -25.7            64.5      0.10519725
     124           -25.7              69      0.10823702
     125           -25.7            73.5      0.11132919
     126           -25.7              78      0.11446905
     127           -25.7            82.5      0.11765142
     128           -25.7              87      0.12087067
     129           -25.7            91.5      0.12412081
     130           -25.7              96      0.12739549
     131           -25.7           100.5      0.13068811
     132           -25.7             105      0.13399185
     133           -25.7           109.5      0.13729977
     134           -25.7             114      0.14060488
     135           -25.7           118.5      0.14390019
     136           -25.7             123      0.14717881
     137           -25.7           127.5      0.15043398
     138           -25.7             132      0.15365914
     139           -25.7           136.5      0.15684793
     140           -25.7             141      0.15999422
     141           -25.7           145.5      0.16309209
     142           -25.7             150      0.16613582
     143           -25.7           154.5      0.16911978
     144           -25.7             159      0.17203846
     145           -25.7           163.5       0.1748863
     146           -25.7             168      0.17765766
     147           -25.7           172.5      0.18034668
     148           -25.7             177      0.18294725
     149           -25.7           181.5      0.18545287
     150           -25.7             186      0.18785664
     151           -25.7           190.5      0.19015119
     152           -25.7             195      0.19232868
     153           -25.7           199.5      0.19438083
     154           -25.7             204      0.19629895
     155           -25.7           208.5      0.19807405
     156           -25.7             213      0.19969694
     157           -25.7           217.5      0.20115837
     158           -25.7             222      0.20244924
     159           -25.7           226.5      0.20356073
     160           -25.7             231      0.20448453
     161           -25.7           235.5      0.20521305
     162           -25.7             240      0.20573955
     163           -25.7           244.5      0.20605838
     164           -25.7             249      0.20616512
     165           -25.7           253.5      0.20605667
     166           -25.7             258      0.20573141
     167           -25.7           262.5      0.20518922
     168           -25.7             267      0.20443152
     169           -25.7           271.5      0.20346129
     170           -25.7             276      0.20228296
     171           -25.7           280.5      0.20090243
     172           -25.7             285       0.1993269
     173           -25.7           289.5      0.19756478
     174           -25.7             294      0.19562552
     175           -25.7           298.5      0.19351951
     176           -25.7             303      0.19125786
     177           -25.7           307.5      0.18885225
     178           -25.7             312      0.18631481
     179           -25.7           316.5       0.1836579
     180           -25.7             321      0.18089398
     181           -25.7           325.5      0.17803551
     182           -25.7             330      0.17509476
     183           -25.7           334.5      0.17208376
     184           -25.7             339      0.16901415
     185           -25.7           343.5      0.16589714
     186           -25.7             348      0.16274342
     187           -25.7           352.5      0.15956313
     188           -25.7             357      0.15636581
     189           -25.7           361.5      0.15316035
     190           -25.7             366      0.14995503
     191           -25.7           370.5      0.14675747
     192           -25.7             375      0.14357464
     193           -25.7           379.5       0.1404129
     194           -25.7             384      0.13727797
     195           -25.7           388.5      0.13417501
     196           -25.7             393      0.13110857
     197           -25.7           397.5       0.1280827
     198           -25.7             402      0.12510092
     199           -25.7           406.5      0.12216628
     200           -25.7             411      0.11928138
     201           -25.7           415.5      0.11644841
     202           -25.7             420      0.11366917
     203           -21.4             -30     0.057938664
     204           -21.4           -25.5     0.059626325
     205           -21.4             -21     0.061377888
     206           -21.4           -16.5     0.063195437
     207           -21.4             -12     0.065081016
     208           -21.4            -7.5     0.067036602
     209           -21.4              -3     0.069064089
     210           -21.4             1.5     0.071165257
     211           -21.4               6     0.073341746
     212           -21.4            10.5     0.075595026
     213           -21.4              15     0.077926359
     214           -21.4            19.5      0.08033677
     215           -21.4              24     0.082827004
     216           -21.4            28.5     0.085397488
     217           -21.4              33     0.088048293
     218           -21.4            37.5     0.090779092
     219           -21.4              42      0.09358912
     220           -21.4            46.5     0.096477137
     221           -21.4              51     0.099441394
     222           -21.4            55.5       0.1024796
     223           -21.4              60      0.10558891
     224           -21.4            64.5      0.10876587
     225           -21.4              69      0.11200647
     226           -21.4            73.5       0.1153061
     227           -21.4              78      0.11865956
     228           -21.4            82.5      0.12206113
     229           -21.4              87      0.12550455
     230           -21.4            91.5      0.12898314
     231           -21.4              96      0.13248979
     232           -21.4           100.5      0.13601711
     233           -21.4             105      0.13955746
     234           -21.4           109.5      0.14310306
     235           -21.4             114      0.14664609
     236           -21.4           118.5      0.15017878
     237           -21.4             123      0.15369349
     238           -21.4           127.5      0.15718278
     239           -21.4             132      0.16063947
     240           -21.4           136.5      0.16405671
     241           -21.4             141      0.16742795
     242           -21.4           145.5      0.17074694
     243           -21.4             150      0.17400772
     244           -21.4           154.5      0.17720451
     245           -21.4             159      0.18033167
     246           -21.4           163.5      0.18338358
     247           -21.4             168      0.18635451
     248           -21.4           172.5      0.18923849
     249           -21.4             177      0.19202922
     250           -21.4           181.5      0.19471996
     251           -21.4             186      0.19730341
     252           -21.4           190.5      0.19977169
     253           -21.4             195      0.20211628
     254           -21.4           199.5      0.20432807
     255           -21.4             204      0.20639738
     256           -21.4           208.5       0.2083141
     257           -21.4             213      0.21006781
     258           -21.4           217.5      0.21164793
     259           -21.4             222      0.21304396
     260           -21.4           226.5      0.21424572
     261           -21.4             231      0.21524353
     262           -21.4           235.5      0.21602852
     263           -21.4             240      0.21659281
     264           -21.4           244.5      0.21692976
     265           -21.4             249      0.21703415
     266           -21.4           253.5      0.21690232
     267           -21.4             258      0.21653234
     268           -21.4           262.5        0.215924
     269           -21.4             267      0.21507895
     270           -21.4           271.5      0.21400058
     271           -21.4             276      0.21269407
     272           -21.4           280.5       0.2111662
     273           -21.4             285       0.2094253
     274           -21.4           289.5      0.20748107
     275           -21.4             294       0.2053444
     276           -21.4           298.5       0.2030272
     277           -21.4             303      0.20054218
     278           -21.4           307.5       0.1979027
     279           -21.4             312      0.19512253
     280           -21.4           316.5      0.19221567
     281           -21.4             321       0.1891962
     282           -21.4           325.5       0.1860781
     283           -21.4             330      0.18287513
     284           -21.4           334.5      0.17960068
     285           -21.4             339      0.17626766
     286           -21.4           343.5      0.17288845
     287           -21.4             348      0.16947479
     288           -21.4           352.5      0.16603776
     289           -21.4             357      0.16258772
     290           -21.4           361.5      0.15913429
     291           -21.4             366      0.15568635
     292           -21.4           370.5      0.15225204
     293           -21.4             375      0.14883875
     294           -21.4           379.5      0.14545318
     295           -21.4             384      0.14210131
     296           -21.4           388.5      0.13878846
     297           -21.4             393      0.13551934
     298           -21.4           397.5      0.13229804
     299           -21.4             402      0.12912809
     300           -21.4           406.5      0.12601253
     301           -21.4             411      0.12295387
     302           -21.4           415.5      0.11995422
     303           -21.4             420      0.11701524
     304           -17.1             -30     0.058948145
     305           -17.1           -25.5     0.060700977
     306           -17.1             -21     0.062522355
     307           -17.1           -16.5     0.064414665
     308           -17.1             -12     0.066380265
     309           -17.1            -7.5     0.068421456
     310           -17.1              -3     0.070540461
     311           -17.1             1.5     0.072739394
     312           -17.1               6     0.075020229
     313           -17.1            10.5     0.077384768
     314           -17.1              15     0.079834597
     315           -17.1            19.5     0.082371051
     316           -17.1              24     0.084995166
     317           -17.1            28.5     0.087707636
     318           -17.1              33     0.090508764
     319           -17.1            37.5     0.093398414
     320           -17.1              42     0.096375963
     321           -17.1            46.5     0.099440255
     322           -17.1              51      0.10258956
     323           -17.1            55.5      0.10582152
     324           -17.1              60      0.10913315
     325           -17.1            64.5      0.11252077
     326           -17.1              69      0.11598003
     327           -17.1            73.5      0.11950588
     328           -17.1              78      0.12309262
     329           -17.1            82.5      0.12673387
     330           -17.1              87      0.13042267
     331           -17.1            91.5      0.13415151
     332           -17.1              96      0.13791243
     333           -17.1           100.5      0.14169706
     334           -17.1             105      0.14549682
     335           -17.1           109.5      0.14930293
     336           -17.1             114       0.1531066
     337           -17.1           118.5      0.15689911
     338           -17.1             123      0.16067194
     339           -17.1           127.5      0.16441686
     340           -17.1             132        0.168126
     341           -17.1           136.5      0.17179192
     342           -17.1             141      0.17540763
     343           -17.1           145.5      0.17896655
     344           -17.1             150      0.18246251
     345           -17.1           154.5      0.18588964
     346           -17.1             159      0.18924226
     347           -17.1           163.5      0.19251476
     348           -17.1             168      0.19570142
     349           -17.1           172.5      0.19879629
     350           -17.1             177      0.20179298
     351           -17.1           181.5      0.20468454
     352           -17.1             186      0.20746333
     353           -17.1           190.5      0.21012096
     354           -17.1             195       0.2126482
     355           -17.1           199.5      0.21503501
     356           -17.1             204      0.21727061
     357           -17.1           208.5       0.2193436
     358           -17.1             213      0.22124208
     359           -17.1           217.5      0.22295393
     360           -17.1             222      0.22446701
     361           -17.1           226.5      0.22576944
     362           -17.1             231      0.22684995
     363           -17.1           235.5       0.2276981
     364           -17.1             240      0.22830465
     365           -17.1           244.5      0.22866174
     366           -17.1             249       0.2287632
     367           -17.1           253.5       0.2286047
     368           -17.1             258       0.2281839
     369           -17.1           262.5      0.22750055
     370           -17.1             267       0.2265565
     371           -17.1           271.5      0.22535573
     372           -17.1             276      0.22390422
     373           -17.1           280.5      0.22220987
     374           -17.1             285      0.22028234
     375           -17.1           289.5      0.21813286
     376           -17.1             294      0.21577401
     377           -17.1           298.5      0.21321952
     378           -17.1             303      0.21048397
     379           -17.1           307.5      0.20758264
     380           -17.1             312      0.20453123
     381           -17.1           316.5      0.20134564
     382           -17.1             321      0.19804178
     383           -17.1           325.5       0.1946354
     384           -17.1             330      0.19114189
     385           -17.1           334.5       0.1875762
     386           -17.1             339      0.18395265
     387           -17.1           343.5      0.18028491
     388           -17.1             348      0.17658587
     389           -17.1           352.5      0.17286762
     390           -17.1             357       0.1691414
     391           -17.1           361.5       0.1654176
     392           -17.1             366      0.16170574
     393           -17.1           370.5      0.15801448
     394           -17.1             375      0.15435162
     395           -17.1           379.5      0.15072419
     396           -17.1             384      0.14713841
     397           -17.1           388.5      0.14359976
     398           -17.1             393      0.14011303
     399           -17.1           397.5      0.13668234
     400           -17.1             402      0.13331121
     401           -17.1           406.5      0.13000258
     402           -17.1             411      0.12675887
     403           -17.1           415.5      0.12358203
     404           -17.1             420      0.12047356
     405           -12.8             -30     0.059968916
     406           -12.8           -25.5     0.061789378
     407           -12.8             -21     0.063683365
     408           -12.8           -16.5     0.065653608
     409           -12.8             -12     0.067702819
     410           -12.8            -7.5     0.069833669
     411           -12.8              -3     0.072048758
     412           -12.8             1.5     0.074350585
     413           -12.8               6     0.076741516
     414           -12.8            10.5     0.079223739
     415           -12.8              15     0.081799224
     416           -12.8            19.5     0.084469678
     417           -12.8              24     0.087236491
     418           -12.8            28.5     0.090100683
     419           -12.8              33      0.09306285
     420           -12.8            37.5     0.096123104
     421           -12.8              42     0.099281015
     422           -12.8            46.5      0.10253556
     423           -12.8              51      0.10588504
     424           -12.8            55.5       0.1093271
     425           -12.8              60      0.11285858
     426           -12.8            64.5      0.11647559
     427           -12.8              69      0.12017341
     428           -12.8            73.5      0.12394653
     429           -12.8              78      0.12778863
     430           -12.8            82.5      0.13169263
     431           -12.8              87      0.13565072
     432           -12.8            91.5      0.13965445
     433           -12.8              96      0.14369482
     434           -12.8           100.5      0.14776238
     435           -12.8             105      0.15184735
     436           -12.8           109.5       0.1559398
     437           -12.8             114      0.16002976
     438           -12.8           118.5      0.16410739
     439           -12.8             123      0.16816311
     440           -12.8           127.5      0.17218776
     441           -12.8             132      0.17617266
     442           -12.8           136.5      0.18010972
     443           -12.8             141      0.18399143
     444           -12.8           145.5      0.18781092
     445           -12.8             150      0.19156183
     446           -12.8           154.5      0.19523828
     447           -12.8             159      0.19883466
     448           -12.8           163.5      0.20234551
     449           -12.8             168      0.20576529
     450           -12.8           172.5      0.20908816
     451           -12.8             177      0.21230781
     452           -12.8           181.5      0.21541718
     453           -12.8             186      0.21840837
     454           -12.8           190.5      0.22127249
     455           -12.8             195      0.22399956
     456           -12.8           199.5      0.22657854
     457           -12.8             204      0.22899739
     458           -12.8           208.5       0.2312432
     459           -12.8             213      0.23330238
     460           -12.8           217.5      0.23516092
     461           -12.8             222      0.23680472
     462           -12.8           226.5      0.23821991
     463           -12.8             231      0.23939323
     464           -12.8           235.5       0.2403124
     465           -12.8             240      0.24096647
     466           -12.8           244.5      0.24134615
     467           -12.8             249       0.2414441
     468           -12.8           253.5      0.24125516
     469           -12.8             258      0.24077654
     470           -12.8           262.5       0.2400079
     471           -12.8             267      0.23895139
     472           -12.8           271.5      0.23761164
     473           -12.8             276      0.23599566
     474           -12.8           280.5      0.23411267
     475           -12.8             285      0.23197393
     476           -12.8           289.5       0.2295925
     477           -12.8             294      0.22698297
     478           -12.8           298.5      0.22416118
     479           -12.8             303      0.22114396
     480           -12.8           307.5      0.21794882
     481           -12.8             312      0.21459369
     482           -12.8           316.5      0.21109666
     483           -12.8             321      0.20747575
     484           -12.8           325.5      0.20374871
     485           -12.8             330       0.1999328
     486           -12.8           334.5       0.1960447
     487           -12.8             339      0.19210031
     488           -12.8           343.5      0.18811469
     489           -12.8             348      0.18410201
     490           -12.8           352.5      0.18007544
     491           -12.8             357      0.17604718
     492           -12.8           361.5      0.17202839
     493           -12.8             366      0.16802926
     494           -12.8           370.5      0.16405897
     495           -12.8             375      0.16012574
     496           -12.8           379.5      0.15623689
     497           -12.8             384      0.15239886
     498           -12.8           388.5      0.14861724
     499           -12.8             393      0.14489686
     500           -12.8           397.5      0.14124183
     501           -12.8             402       0.1376556
     502           -12.8           406.5      0.13414097
     503           -12.8             411       0.1307002
     504           -12.8           415.5      0.12733506
     505           -12.8             420      0.12404681
     506            -8.5             -30     0.061000021
     507            -8.5           -25.5     0.062890605
     508            -8.5             -21     0.064860054
     509            -8.5           -16.5     0.066911484
     510            -8.5             -12     0.069048009
     511            -8.5            -7.5     0.071272721
     512            -8.5              -3     0.073588652
     513            -8.5             1.5     0.075998749
     514            -8.5               6     0.078505827
     515            -8.5            10.5      0.08111253
     516            -8.5              15     0.083821284
     517            -8.5            19.5     0.086634238
     518            -8.5              24      0.08955321
     519            -8.5            28.5     0.092579622
     520            -8.5              33     0.095714435
     521            -8.5            37.5      0.09895808
     522            -8.5              42      0.10231039
     523            -8.5            46.5      0.10577051
     524            -8.5              51      0.10933688
     525            -8.5            55.5      0.11300709
     526            -8.5              60      0.11677792
     527            -8.5            64.5       0.1206452
     528            -8.5              69      0.12460386
     529            -8.5            73.5      0.12864786
     530            -8.5              78       0.1327702
     531            -8.5            82.5      0.13696298
     532            -8.5              87      0.14121743
     533            -8.5            91.5        0.145524
     534            -8.5              96      0.14987245
     535            -8.5           100.5      0.15425202
     536            -8.5             105      0.15865155
     537            -8.5           109.5      0.16305969
     538            -8.5             114      0.16746506
     539            -8.5           118.5      0.17185646
     540            -8.5             123      0.17622306
     541            -8.5           127.5      0.18055455
     542            -8.5             132      0.18484131
     543            -8.5           136.5      0.18907447
     544            -8.5             141      0.19324601
     545            -8.5           145.5      0.19734871
     546            -8.5             150      0.20137612
     547            -8.5           154.5      0.20532242
     548            -8.5             159      0.20918225
     549            -8.5           163.5      0.21295049
     550            -8.5             168      0.21662195
     551            -8.5           172.5      0.22019114
     552            -8.5             177      0.22365198
     553            -8.5           181.5       0.2269975
     554            -8.5             186      0.23021962
     555            -8.5           190.5      0.23330899
     556            -8.5             195      0.23625489
     557            -8.5           199.5      0.23904518
     558            -8.5             204      0.24166637
     559            -8.5           208.5       0.2441038
     560            -8.5             213      0.24634187
     561            -8.5           217.5      0.24836434
     562            -8.5             222      0.25015474
     563            -8.5           226.5      0.25169676
     564            -8.5             231      0.25297477
     565            -8.5           235.5      0.25397422
     566            -8.5             240      0.25468208
     567            -8.5           244.5      0.25508732
     568            -8.5             249      0.25518119
     569            -8.5           253.5      0.25495752
     570            -8.5             258      0.25441297
     571            -8.5           262.5       0.2535471
     572            -8.5             267      0.25236245
     573            -8.5           271.5      0.25086445
     574            -8.5             276      0.24906135
     575            -8.5           280.5      0.24696397
     576            -8.5             285      0.24458552
     577            -8.5           289.5      0.24194122
     578            -8.5             294      0.23904807
     579            -8.5           298.5      0.23592443
     580            -8.5             303      0.23258975
     581            -8.5           307.5      0.22906416
     582            -8.5             312       0.2253682
     583            -8.5           316.5      0.22152249
     584            -8.5             321      0.21754747
     585            -8.5           325.5      0.21346315
     586            -8.5             330      0.20928893
     587            -8.5           334.5       0.2050434
     588            -8.5             339      0.20074422
     589            -8.5           343.5        0.196408
     590            -8.5             348      0.19205027
     591            -8.5           352.5      0.18768539
     592            -8.5             357      0.18332652
     593            -8.5           361.5      0.17898568
     594            -8.5             366      0.17467369
     595            -8.5           370.5      0.17040027
     596            -8.5             375      0.16617403
     597            -8.5           379.5      0.16200256
     598            -8.5             384      0.15789243
     599            -8.5           388.5      0.15384934
     600            -8.5             393       0.1498781
     601            -8.5           397.5      0.14598273
     602            -8.5             402      0.14216654
     603            -8.5           406.5      0.13843215
     604            -8.5             411      0.13478161
     605            -8.5           415.5       0.1312164
     606            -8.5             420      0.12773751
     607            -4.2             -30     0.062040358
     608            -4.2           -25.5     0.064003583
     609            -4.2             -21     0.066051392
     610            -4.2           -16.5     0.068187332
     611            -4.2             -12     0.070414979
     612            -4.2            -7.5     0.072737897
     613            -4.2              -3     0.075159619
     614            -4.2             1.5       0.0776836
     615            -4.2               6     0.080313184
     616            -4.2            10.5     0.083051547
     617            -4.2              15     0.085901651
     618            -4.2            19.5     0.088866174
     619            -4.2              24     0.091947451
     620            -4.2            28.5     0.095147395
     621            -4.2              33     0.098467423
     622            -4.2            37.5      0.10190837
     623            -4.2              42      0.10547041
     624            -4.2            46.5      0.10915297
     625            -4.2              51      0.11295462
     626            -4.2            55.5      0.11687303
     627            -4.2              60      0.12090488
     628            -4.2            64.5      0.12504579
     629            -4.2              69      0.12929027
     630            -4.2            73.5      0.13363172
     631            -4.2              78      0.13806241
     632            -4.2            82.5      0.14257348
     633            -4.2              87      0.14715505
     634            -4.2            91.5      0.15179627
     635            -4.2              96      0.15648545
     636            -4.2           100.5      0.16121026
     637            -4.2             105      0.16595787
     638            -4.2           109.5      0.17071522
     639            -4.2             114      0.17546922
     640            -4.2           118.5      0.18020702
     641            -4.2             123      0.18491625
     642            -4.2           127.5      0.18958522
     643            -4.2             132      0.19420317
     644            -4.2           136.5      0.19876034
     645            -4.2             141      0.20324809
     646            -4.2           145.5      0.20765888
     647            -4.2             150      0.21198624
     648            -4.2           154.5      0.21622458
     649            -4.2             159      0.22036897
     650            -4.2           163.5      0.22441485
     651            -4.2             168      0.22835772
     652            -4.2           172.5      0.23219269
     653            -4.2             177      0.23591417
     654            -4.2           181.5       0.2395155
     655            -4.2             186       0.2429886
     656            -4.2           190.5      0.24632377
     657            -4.2             195      0.24950951
     658            -4.2           199.5      0.25253248
     659            -4.2             204      0.25537756
     660            -4.2           208.5      0.25802805
     661            -4.2             213      0.26046593
     662            -4.2           217.5       0.2626723
     663            -4.2             222       0.2646278
     664            -4.2           226.5      0.26631318
     665            -4.2             231      0.26770989
     666            -4.2           235.5      0.26880059
     667            -4.2             240      0.26956977
     668            -4.2           244.5      0.27000421
     669            -4.2             249      0.27009346
     670            -4.2           253.5      0.26983014
     671            -4.2             258      0.26921023
     672            -4.2           262.5      0.26823322
     673            -4.2             267       0.2669021
     674            -4.2           271.5      0.26522333
     675            -4.2             276      0.26320665
     676            -4.2           280.5      0.26086486
     677            -4.2             285      0.25821348
     678            -4.2           289.5       0.2552704
     679            -4.2             294      0.25205545
     680            -4.2           298.5      0.24859003
     681            -4.2             303      0.24489664
     682            -4.2           307.5      0.24099853
     683            -4.2             312      0.23691925
     684            -4.2           316.5      0.23268237
     685            -4.2             321      0.22831108
     686            -4.2           325.5      0.22382801
     687            -4.2             330      0.21925493
     688            -4.2           334.5      0.21461259
     689            -4.2             339      0.20992059
     690            -4.2           343.5      0.20519725
     691            -4.2             348      0.20045955
     692            -4.2           352.5       0.1957231
     693            -4.2             357      0.19100212
     694            -4.2           361.5      0.18630944
     695            -4.2             366      0.18165657
     696            -4.2           370.5      0.17705372
     697            -4.2             375      0.17250984
     698            -4.2           379.5      0.16803273
     699            -4.2             384       0.1636291
     700            -4.2           388.5      0.15930462
     701            -4.2             393      0.15506403
     702            -4.2           397.5      0.15091121
     703            -4.2             402      0.14684923
     704            -4.2           406.5      0.14288047
     705            -4.2             411      0.13900667
     706            -4.2           415.5      0.13522896
     707            -4.2             420      0.13154801
     708             0.1             -30     0.063088671
     709             0.1           -25.5     0.065127063
     710             0.1             -21     0.067256161
     711             0.1           -16.5     0.069479999
     712             0.1             -12     0.071802664
     713             0.1            -7.5     0.074228267
     714             0.1              -3     0.076760902
     715             0.1             1.5     0.079404622
     716             0.1               6     0.082163376
     717             0.1            10.5     0.085040966
     718             0.1              15     0.088040982
     719             0.1            19.5     0.091166738
     720             0.1              24     0.094421187
     721             0.1            28.5     0.097806844
     722             0.1              33      0.10132569
     723             0.1            37.5      0.10497908
     724             0.1              42      0.10876763
     725             0.1            46.5      0.11269113
     726             0.1              51      0.11674839
     727             0.1            55.5      0.12093723
     728             0.1              60      0.12525426
     729             0.1            64.5      0.12969492
     730             0.1              69      0.13425332
     731             0.1            73.5      0.13892225
     732             0.1              78      0.14369312
     733             0.1            82.5      0.14855604
     734             0.1              87       0.1534998
     735             0.1            91.5      0.15851204
     736             0.1              96      0.16357936
     737             0.1           100.5      0.16868753
     738             0.1             105      0.17382172
     739             0.1           109.5      0.17896678
     740             0.1             114      0.18410752
     741             0.1           118.5      0.18922907
     742             0.1             123      0.19431716
     743             0.1           127.5      0.19935844
     744             0.1             132      0.20434071
     745             0.1           136.5      0.20925315
     746             0.1             141      0.21408643
     747             0.1           145.5      0.21883268
     748             0.1             150      0.22348551
     749             0.1           154.5      0.22803975
     750             0.1             159      0.23249118
     751             0.1           163.5      0.23683617
     752             0.1             168      0.24107121
     753             0.1           172.5      0.24519243
     754             0.1             177      0.24919513
     755             0.1           181.5      0.25307325
     756             0.1             186      0.25681895
     757             0.1           190.5      0.26042232
     758             0.1             195      0.26387112
     759             0.1           199.5       0.2671507
     760             0.1             204      0.27024408
     761             0.1           208.5      0.27313215
     762             0.1             213      0.27579402
     763             0.1           217.5      0.27820753
     764             0.1             222      0.28034984
     765             0.1           226.5       0.2821981
     766             0.1             231      0.28373014
     767             0.1           235.5      0.28492523
     768             0.1             240      0.28576478
     769             0.1           244.5      0.28623291
     770             0.1             249      0.28631708
     771             0.1           253.5      0.28600844
     772             0.1             258      0.28530219
     773             0.1           262.5      0.28419771
     774             0.1             267      0.28269861
     775             0.1           271.5      0.28081261
     776             0.1             276      0.27855133
     777             0.1           280.5      0.27592996
     778             0.1             285      0.27296685
     779             0.1           289.5       0.2696831
     780             0.1             294      0.26610196
     781             0.1           298.5      0.26224844
     782             0.1             303      0.25814869
     783             0.1           307.5      0.25382959
     784             0.1             312      0.24931824
     785             0.1           316.5      0.24464158
     786             0.1             321      0.23982602
     787             0.1           325.5      0.23489712
     788             0.1             330      0.22987934
     789             0.1           334.5      0.22479587
     790             0.1             339      0.21966841
     791             0.1           343.5      0.21451713
     792             0.1             348      0.20936061
     793             0.1           352.5      0.20421576
     794             0.1             357      0.19909786
     795             0.1           361.5      0.19402062
     796             0.1             366      0.18899616
     797             0.1           370.5      0.18403515
     798             0.1             375      0.17914685
     799             0.1           379.5       0.1743392
     800             0.1             384      0.16961894
     801             0.1           388.5      0.16499165
     802             0.1             393      0.16046191
     803             0.1           397.5      0.15603334
     804             0.1             402      0.15170873
     805             0.1           406.5      0.14749009
     806             0.1             411      0.14337876
     807             0.1           415.5      0.13937547
     808             0.1             420      0.13548044
     809             4.4             -30     0.064143536
     810             4.4           -25.5     0.066259617
     811             4.4             -21     0.068472947
     812             4.4           -16.5     0.070788108
     813             4.4             -12     0.073209765
     814             4.4            -7.5     0.075742643
     815             4.4              -3     0.078391488
     816             4.4             1.5     0.081161027
     817             4.4               6     0.084055916
     818             4.4            10.5     0.087080684
     819             4.4              15      0.09023967
     820             4.4            19.5     0.093536934
     821             4.4              24     0.096976179
     822             4.4            28.5      0.10056065
     823             4.4              33      0.10429303
     824             4.4            37.5      0.10817533
     825             4.4              42      0.11220873
     826             4.4            46.5       0.1163935
     827             4.4              51      0.12072885
     828             4.4            55.5      0.12521279
     829             4.4              60      0.12984199
     830             4.4            64.5      0.13461171
     831             4.4              69      0.13951568
     832             4.4            73.5      0.14454605
     833             4.4              78       0.1496933
     834             4.4            82.5      0.15494632
     835             4.4              87      0.16029242
     836             4.4            91.5      0.16571746
     837             4.4              96      0.17120598
     838             4.4           100.5      0.17674148
     839             4.4             105       0.1823067
     840             4.4           109.5      0.18788392
     841             4.4             114      0.19345539
     842             4.4           118.5      0.19900371
     843             4.4             123      0.20451227
     844             4.4           127.5      0.20996563
     845             4.4             132      0.21534983
     846             4.4           136.5      0.22065276
     847             4.4             141      0.22586423
     848             4.4           145.5      0.23097609
     849             4.4             150      0.23598214
     850             4.4           154.5      0.24087786
     851             4.4             159      0.24566013
     852             4.4           163.5      0.25032667
     853             4.4             168      0.25487551
     854             4.4           172.5      0.25930432
     855             4.4             177      0.26360975
     856             4.4           181.5      0.26778681
     857             4.4             186      0.27182827
     858             4.4           190.5      0.27572422
     859             4.4             195      0.27946172
     860             4.4           199.5      0.28302475
     861             4.4             204      0.28639415
     862             4.4           208.5      0.28954799
     863             4.4             213      0.29246191
     864             4.4           217.5      0.29510982
     865             4.4             222      0.29746457
     866             4.4           226.5      0.29949887
     867             4.4             231      0.30118613
     868             4.4           235.5      0.30250142
     869             4.4             240      0.30342232
     870             4.4           244.5      0.30392971
     871             4.4             249      0.30400847
     872             4.4           253.5      0.30364797
     873             4.4             258      0.30284248
     874             4.4           262.5       0.3015913
     875             4.4             267      0.29989884
     876             4.4           271.5      0.29777441
     877             4.4             276      0.29523196
     878             4.4           280.5      0.29228963
     879             4.4             285      0.28896926
     880             4.4           289.5       0.2852958
     881             4.4             294      0.28129669
     882             4.4           298.5       0.2770012
     883             4.4             303      0.27243984
     884             4.4           307.5      0.26764378
     885             4.4             312      0.26264426
     886             4.4           316.5      0.25747215
     887             4.4             321      0.25215752
     888             4.4           325.5      0.24672929
     889             4.4             330      0.24121495
     890             4.4           334.5      0.23564035
     891             4.4             339      0.23002957
     892             4.4           343.5      0.22440476
     893             4.4             348      0.21878616
     894             4.4           352.5      0.21319207
     895             4.4             357      0.20763885
     896             4.4           361.5      0.20214104
     897             4.4             366      0.19671137
     898             4.4           370.5      0.19136089
     899             4.4             375      0.18609907
     900             4.4           379.5      0.18093392
     901             4.4             384      0.17587209
     902             4.4           388.5      0.17091898
     903             4.4             393      0.16607888
     904             4.4           397.5      0.16135506
     905             4.4             402       0.1567499
     906             4.4           406.5      0.15226494
     907             4.4             411      0.14790102
     908             4.4           415.5      0.14365837
     909             4.4             420      0.13953665
     910             8.7             -30     0.065203348
     911             8.7           -25.5     0.067399615
     912             8.7             -21     0.069700117
     913             8.7           -16.5     0.072110046
     914             8.7             -12     0.074634722
     915             8.7            -7.5     0.077279564
     916             8.7              -3     0.080050057
     917             8.7             1.5     0.082951707
     918             8.7               6     0.085989986
     919             8.7            10.5     0.089170274
     920             8.7              15      0.09249778
     921             8.7            19.5     0.095977458
     922             8.7              24     0.099613908
     923             8.7            28.5      0.10341127
     924             8.7              33      0.10737308
     925             8.7            37.5      0.11150216
     926             8.7              42      0.11580046
     927             8.7            46.5      0.12026888
     928             8.7              51      0.12490715
     929             8.7            55.5      0.12971361
     930             8.7              60      0.13468512
     931             8.7            64.5      0.13981683
     932             8.7              69      0.14510212
     933             8.7            73.5      0.15053245
     934             8.7              78      0.15609733
     935             8.7            82.5      0.16178428
     936             8.7              87      0.16757886
     937             8.7            91.5      0.17346486
     938             8.7              96      0.17942438
     939             8.7           100.5      0.18543818
     940             8.7             105      0.19148602
     941             8.7           109.5      0.19754706
     942             8.7             114      0.20360033
     943             8.7           118.5      0.20962531
     944             8.7             123      0.21560243
     945             8.7           127.5       0.2215136
     946             8.7             132      0.22734271
     947             8.7           136.5      0.23307596
     948             8.7             141      0.23870219
     949             8.7           145.5      0.24421291
     950             8.7             150      0.24960226
     951             8.7           154.5      0.25486676
     952             8.7             159      0.26000481
     953             8.7           163.5      0.26501612
     954             8.7             168      0.26990091
     955             8.7           172.5      0.27465912
     956             8.7             177      0.27928946
     957             8.7           181.5      0.28378861
     958             8.7             186      0.28815043
     959             8.7           190.5      0.29236534
     960             8.7             195      0.29641986
     961             8.7           199.5      0.30029644
     962             8.7             204      0.30397349
     963             8.7           208.5      0.30742566
     964             8.7             213      0.31062443
     965             8.7           217.5      0.31353885
     966             8.7             222       0.3161365
     967             8.7           226.5      0.31838456
     968             8.7             231      0.32025098
     969             8.7           235.5      0.32170559
     970             8.7             240      0.32272125
     971             8.7           244.5      0.32327482
     972             8.7             249      0.32334802
     973             8.7           253.5      0.32292807
     974             8.7             258      0.32200812
     975             8.7           262.5      0.32058746
     976             8.7             267      0.31867153
     977             8.7           271.5      0.31627168
     978             8.7             276      0.31340475
     979             8.7           280.5      0.31009258
     980             8.7             285      0.30636127
     981             8.7           289.5      0.30224051
     982             8.7             294      0.29776275
     983             8.7           298.5      0.29296244
     984             8.7             303      0.28787526
     985             8.7           307.5      0.28253743
     986             8.7             312      0.27698505
     987             8.7           316.5      0.27125355
     988             8.7             321       0.2653772
     989             8.7           325.5      0.25938874
     990             8.7             330      0.25331905
     991             8.7           334.5      0.24719696
     992             8.7             339      0.24104908
     993             8.7           343.5      0.23489973
     994             8.7             348       0.2287709
     995             8.7           352.5       0.2226823
     996             8.7             357      0.21665137
     997             8.7           361.5      0.21069343
     998             8.7             366      0.20482174
     999             8.7           370.5      0.19904765
    1000             8.7             375      0.19338073
    1001             8.7           379.5      0.18782891
    1002             8.7             384      0.18239865
    1003             8.7           388.5      0.17709502
    1004             8.7             393       0.1719219
    1005             8.7           397.5      0.16688206
    1006             8.7             402      0.16197733
    1007             8.7           406.5      0.15720866
    1008             8.7             411      0.15257629
    1009             8.7           415.5      0.14807979
    1010             8.7             420      0.14371818
    1011              13             -30     0.066266309
    1012              13           -25.5     0.068545211
    1013              13             -21     0.070935795
    1014              13           -16.5     0.073443936
    1015              13             -12     0.076075686
    1016              13            -7.5     0.078837252
    1017              13              -3     0.081734957
    1018              13             1.5       0.0847752
    1019              13               6     0.087964395
    1020              13            10.5     0.091308909
    1021              13              15     0.094814978
    1022              13            19.5     0.098488612
    1023              13              24      0.10233549
    1024              13            28.5      0.10636082
    1025              13              33      0.11056921
    1026              13            37.5       0.1149645
    1027              13              42      0.11954959
    1028              13            46.5      0.12432623
    1029              13              51      0.12929486
    1030              13            55.5      0.13445437
    1031              13              60       0.1398019
    1032              13            64.5      0.14533264
    1033              13              69      0.15103967
    1034              13            73.5       0.1569138
    1035              13              78      0.16294346
    1036              13            82.5      0.16911464
    1037              13              87      0.17541094
    1038              13            91.5      0.18181367
    1039              13              96      0.18830207
    1040              13           100.5      0.19485358
    1041              13             105       0.2014443
    1042              13           109.5      0.20804953
    1043              13             114      0.21464432
    1044              13           118.5      0.22120419
    1045              13             123      0.22770584
    1046              13           127.5      0.23412783
    1047              13             132      0.24045124
    1048              13           136.5      0.24666019
    1049              13             141      0.25274225
    1050              13           145.5      0.25868856
    1051              13             150      0.26449383
    1052              13           154.5        0.270156
    1053              13             159      0.27567565
    1054              13           163.5      0.28105527
    1055              13             168      0.28629821
    1056              13           172.5       0.2914076
    1057              13             177      0.29638518
    1058              13           181.5      0.30123017
    1059              13             186       0.3059382
    1060              13           190.5      0.31050048
    1061              13             195      0.31490319
    1062              13           199.5       0.3191272
    1063              13             204      0.32314806
    1064              13           208.5      0.32693638
    1065              13             213      0.33045853
    1066              13           217.5       0.3336776
    1067              13             222      0.33655458
    1068              13           226.5      0.33904982
    1069              13             231      0.34112439
    1070              13           235.5      0.34274163
    1071              13             240      0.34386851
    1072              13           244.5      0.34447692
    1073              13             249      0.34454469
    1074              13           253.5      0.34405641
    1075              13             258      0.34300393
    1076              13           262.5      0.34138663
    1077              13             267      0.33921131
    1078              13           271.5      0.33649192
    1079              13             276        0.333249
    1080              13           280.5      0.32950895
    1081              13             285      0.32530317
    1082              13           289.5      0.32066715
    1083              13             294      0.31563943
    1084              13           298.5      0.31026069
    1085              13             303       0.3045728
    1086              13           307.5      0.29861796
    1087              13             312      0.29243796
    1088              13           316.5      0.28607351
    1089              13             321       0.2795637
    1090              13           325.5      0.27294558
    1091              13             330      0.26625384
    1092              13           334.5      0.25952058
    1093              13             339      0.25277518
    1094              13           343.5      0.24604423
    1095              13             348      0.23935155
    1096              13           352.5      0.23271825
    1097              13             357      0.22616284
    1098              13           361.5      0.21970131
    1099              13             366      0.21334734
    1100              13           370.5      0.20711246
    1101              13             375      0.20100618
    1102              13           379.5      0.19503621
    1103              13             384      0.18920862
    1104              13           388.5      0.18352802
    1105              13             393      0.17799767
    1106              13           397.5      0.17261972
    1107              13             402      0.16739528
    1108              13           406.5      0.16232456
    1109              13             411      0.15740704
    1110              13           415.5      0.15264151
    1111              13             420      0.14802623
    1112            17.3             -30     0.067330414
    1113            17.3           -25.5     0.069694326
    1114            17.3             -21     0.072177848
    1115            17.3           -16.5     0.074787611
    1116            17.3             -12      0.07753049
    1117            17.3            -7.5     0.080413578
    1118            17.3              -3     0.083444153
    1119            17.3             1.5     0.086629631
    1120            17.3               6     0.089977512
    1121            17.3            10.5     0.093495309
    1122            17.3              15      0.09719046
    1123            17.3            19.5      0.10107023
    1124            17.3              24      0.10514157
    1125            17.3            28.5        0.109411
    1126            17.3              33      0.11388444
    1127            17.3            37.5      0.11856698
    1128            17.3              42      0.12346275
    1129            17.3            46.5       0.1285746
    1130            17.3              51      0.13390394
    1131            17.3            55.5      0.13945043
    1132            17.3              60      0.14521171
    1133            17.3            64.5       0.1511832
    1134            17.3              69      0.15735779
    1135            17.3            73.5      0.16372567
    1136            17.3              78      0.17027413
    1137            17.3            82.5      0.17698751
    1138            17.3              87      0.18384716
    1139            17.3            91.5      0.19083153
    1140            17.3              96      0.19791639
    1141            17.3           100.5       0.2050752
    1142            17.3             105      0.21227962
    1143            17.3           109.5       0.2195001
    1144            17.3             114      0.22670671
    1145            17.3           118.5      0.23386998
    1146            17.3             123      0.24096182
    1147            17.3           127.5      0.24795649
    1148            17.3             132      0.25483145
    1149            17.3           136.5       0.2615681
    1150            17.3             141      0.26815238
    1151            17.3           145.5      0.27457498
    1152            17.3             150      0.28083141
    1153            17.3           154.5      0.28692157
    1154            17.3             159      0.29284908
    1155            17.3           163.5      0.29862023
    1156            17.3             168      0.30424275
    1157            17.3           172.5      0.30972429
    1158            17.3             177       0.3150709
    1159            17.3           181.5      0.32028549
    1160            17.3             186      0.32536643
    1161            17.3           190.5      0.33030641
    1162            17.3             195      0.33509159
    1163            17.3           199.5      0.33970118
    1164            17.3             204      0.34410743
    1165            17.3           208.5      0.34827608
    1166            17.3             213      0.35216721
    1167            17.3           217.5      0.35573648
    1168            17.3             222      0.35893672
    1169            17.3           226.5      0.36171964
    1170            17.3             231      0.36403775
    1171            17.3           235.5      0.36584621
    1172            17.3             240      0.36710466
    1173            17.3           244.5      0.36777878
    1174            17.3             249       0.3678416
    1175            17.3           253.5      0.36727452
    1176            17.3             258      0.36606791
    1177            17.3           262.5      0.36422135
    1178            17.3             267      0.36174352
    1179            17.3           271.5      0.35865172
    1180            17.3             276      0.35497116
    1181            17.3           280.5      0.35073399
    1182            17.3             285      0.34597821
    1183            17.3           289.5       0.3407464
    1184            17.3             294      0.33508459
    1185            17.3           298.5      0.32904095
    1186            17.3             303      0.32266477
    1187            17.3           307.5      0.31600534
    1188            17.3             312      0.30911109
    1189            17.3           316.5      0.30202886
    1190            17.3             321      0.29480328
    1191            17.3           325.5      0.28747626
    1192            17.3             330      0.28008672
    1193            17.3           334.5      0.27267033
    1194            17.3             339      0.26525945
    1195            17.3           343.5      0.25788306
    1196            17.3             348      0.25056682
    1197            17.3           352.5      0.24333323
    1198            17.3             357      0.23620172
    1199            17.3           361.5      0.22918889
    1200            17.3             366      0.22230866
    1201            17.3           370.5      0.21557253
    1202            17.3             375      0.20898978
    1203            17.3           379.5       0.2025677
    1204            17.3             384      0.19631176
    1205            17.3           388.5      0.19022587
    1206            17.3             393      0.18431253
    1207            17.3           397.5      0.17857302
    1208            17.3             402      0.17300757
    1209            17.3           406.5      0.16761548
    1210            17.3             411      0.16239529
    1211            17.3           415.5      0.15734487
    1212            17.3             420      0.15246156
    1213            21.6             -30     0.068393441
    1214            21.6           -25.5     0.070844637
    1215            21.6             -21     0.073423862
    1216            21.6           -16.5     0.076138591
    1217            21.6             -12     0.078996616
    1218            21.6            -7.5     0.082006027
    1219            21.6              -3     0.085175181
    1220            21.6             1.5     0.088512657
    1221            21.6               6     0.092027201
    1222            21.6            10.5     0.095727653
    1223            21.6              15     0.099622858
    1224            21.6            19.5      0.10372155
    1225            21.6              24      0.10803222
    1226            21.6            28.5      0.11256296
    1227            21.6              33      0.11732127
    1228            21.6            37.5      0.12231384
    1229            21.6              42       0.1275463
    1230            21.6            46.5      0.13302297
    1231            21.6              51      0.13874654
    1232            21.6            55.5      0.14471775
    1233            21.6              60      0.15093506
    1234            21.6            64.5      0.15739432
    1235            21.6              69      0.16408844
    1236            21.6            73.5      0.17100709
    1237            21.6              78      0.17813644
    1238            21.6            82.5      0.18545903
    1239            21.6              87      0.19295366
    1240            21.6            91.5      0.20059545
    1241            21.6              96       0.2083561
    1242            21.6           100.5      0.21620424
    1243            21.6             105      0.22410602
    1244            21.6           109.5      0.23202595
    1245            21.6             114      0.23992776
    1246            21.6           118.5      0.24777565
    1247            21.6             123      0.25553537
    1248            21.6           127.5      0.26317558
    1249            21.6             132      0.27066899
    1250            21.6           136.5      0.27799343
    1251            21.6             141      0.28513264
    1252            21.6           145.5      0.29207676
    1253            21.6             150      0.29882233
    1254            21.6           154.5      0.30537192
    1255            21.6             159      0.31173326
    1256            21.6           163.5       0.3179179
    1257            21.6             168      0.32393958
    1258            21.6           172.5      0.32981224
    1259            21.6             177        0.335548
    1260            21.6           181.5      0.34115506
    1261            21.6             186      0.34663588
    1262            21.6           190.5      0.35198556
    1263            21.6             195      0.35719074
    1264            21.6           199.5      0.36222896
    1265            21.6             204      0.36706862
    1266            21.6           208.5      0.37166951
    1267            21.6             213      0.37598394
    1268            21.6           217.5      0.37995832
    1269            21.6             222      0.38353513
    1270            21.6           226.5      0.38665526
    1271            21.6             231      0.38926038
    1272            21.6           235.5      0.39129537
    1273            21.6             240      0.39271065
    1274            21.6           244.5      0.39346415
    1275            21.6             249      0.39352297
    1276            21.6           253.5      0.39286466
    1277            21.6             258      0.39147788
    1278            21.6           262.5      0.38936266
    1279            21.6             267       0.3865302
    1280            21.6           271.5       0.3830022
    1281            21.6             276      0.37880984
    1282            21.6           280.5      0.37399254
    1283            21.6             285      0.36859648
    1284            21.6           289.5      0.36267311
    1285            21.6             294      0.35627753
    1286            21.6           298.5      0.34946706
    1287            21.6             303      0.34229984
    1288            21.6           307.5      0.33483356
    1289            21.6             312      0.32712448
    1290            21.6           316.5      0.31922651
    1291            21.6             321      0.31119057
    1292            21.6           325.5      0.30306408
    1293            21.6             330      0.29489062
    1294            21.6           334.5      0.28670974
    1295            21.6             339      0.27855694
    1296            21.6           343.5      0.27046365
    1297            21.6             348      0.26245739
    1298            21.6           352.5       0.2545619
    1299            21.6             357      0.24679744
    1300            21.6           361.5      0.23918097
    1301            21.6             366      0.23172646
    1302            21.6           370.5      0.22444514
    1303            21.6             375      0.21734579
    1304            21.6           379.5      0.21043501
    1305            21.6             384      0.20371745
    1306            21.6           388.5      0.19719607
    1307            21.6             393      0.19087233
    1308            21.6           397.5      0.18474645
    1309            21.6             402      0.17881753
    1310            21.6           406.5      0.17308376
    1311            21.6             411      0.16754256
    1312            21.6           415.5       0.1621907
    1313            21.6             420      0.15702443
    1314            25.9             -30     0.069452938
    1315            25.9           -25.5     0.071993556
    1316            25.9             -21     0.074671128
    1317            25.9           -16.5     0.077494059
    1318            25.9             -12     0.080471166
    1319            25.9            -7.5     0.083611656
    1320            25.9              -3     0.086925104
    1321            25.9             1.5     0.090421412
    1322            25.9               6     0.094110755
    1323            25.9            10.5     0.098003505
    1324            25.9              15      0.10211015
    1325            25.9            19.5      0.10644115
    1326            25.9              24      0.11100682
    1327            25.9            28.5      0.11581715
    1328            25.9              33      0.12088156
    1329            25.9            37.5      0.12620871
    1330            25.9              42      0.13180616
    1331            25.9            46.5      0.13768008
    1332            25.9              51      0.14383486
    1333            25.9            55.5      0.15027275
    1334            25.9              60       0.1569934
    1335            25.9            64.5      0.16399348
    1336            25.9              69      0.17126617
    1337            25.9            73.5      0.17880082
    1338            25.9              78      0.18658256
    1339            25.9            82.5      0.19459201
    1340            25.9              87      0.20280514
    1341            25.9            91.5      0.21119328
    1342            25.9              96      0.21972326
    1343            25.9           100.5      0.22835789
    1344            25.9             105      0.23705661
    1345            25.9           109.5      0.24577641
    1346            25.9             114      0.25447311
    1347            25.9           118.5      0.26310271
    1348            25.9             123      0.27162302
    1349            25.9           127.5      0.27999537
    1350            25.9             132      0.28818617
    1351            25.9           136.5      0.29616845
    1352            25.9             141        0.303923
    1353            25.9           145.5      0.31143906
    1354            25.9             150      0.31871455
    1355            25.9           154.5      0.32575561
    1356            25.9             159      0.33257548
    1357            25.9           163.5      0.33919289
    1358            25.9             168      0.34562979
    1359            25.9           172.5      0.35190883
    1360            25.9             177      0.35805057
    1361            25.9           181.5      0.36407074
    1362            25.9             186      0.36997771
    1363            25.9           190.5      0.37577033
    1364            25.9             195      0.38143645
    1365            25.9           199.5      0.38695195
    1366            25.9             204      0.39228072
    1367            25.9           208.5       0.3973753
    1368            25.9             213      0.40217827
    1369            25.9           217.5      0.40662436
    1370            25.9             222        0.410643
    1371            25.9           226.5      0.41416132
    1372            25.9             231      0.41710724
    1373            25.9           235.5      0.41941264
    1374            25.9             240       0.4210163
    1375            25.9           244.5      0.42186642
    1376            25.9             249      0.42192282
    1377            25.9           253.5      0.42115831
    1378            25.9             258      0.41955968
    1379            25.9           262.5      0.41712781
    1380            25.9             267      0.41387734
    1381            25.9           271.5       0.4098357
    1382            25.9             276       0.4050418
    1383            25.9           280.5      0.39954426
    1384            25.9             285      0.39339959
    1385            25.9           289.5      0.38667017
    1386            25.9             294      0.37942232
    1387            25.9           298.5      0.37172442
    1388            25.9             303      0.36364523
    1389            25.9           307.5      0.35525245
    1390            25.9             312      0.34661147
    1391            25.9           316.5      0.33778437
    1392            25.9             321      0.32882926
    1393            25.9           325.5      0.31979966
    1394            25.9             330      0.31074429
    1395            25.9           334.5      0.30170688
    1396            25.9             339      0.29272616
    1397            25.9           343.5      0.28383605
    1398            25.9             348      0.27506578
    1399            25.9           352.5      0.26644022
    1400            25.9             357      0.25798018
    1401            25.9           361.5      0.24970274
    1402            25.9             366       0.2416216
    1403            25.9           370.5      0.23374741
    1404            25.9             375      0.22608814
    1405            25.9           379.5      0.21864936
    1406            25.9             384      0.21143459
    1407            25.9           388.5      0.20444552
    1408            25.9             393      0.19768232
    1409            25.9           397.5      0.19114384
    1410            25.9             402      0.18482783
    1411            25.9           406.5      0.17873112
    1412            25.9             411      0.17284978
    1413            25.9           415.5      0.16717927
    1414            25.9             420      0.16171458
    1415            30.2             -30     0.070506215
    1416            30.2           -25.5     0.073138224
    1417            30.2             -21     0.075916619
    1418            30.2           -16.5     0.078850837
    1419            30.2             -12      0.08195083
    1420            30.2            -7.5     0.085227056
    1421            30.2              -3     0.088690461
    1422            30.2             1.5     0.092352447
    1423            30.2               6     0.096224818
    1424            30.2            10.5      0.10031972
    1425            30.2              15      0.10464953
    1426            30.2            19.5      0.10922675
    1427            30.2              24      0.11406387
    1428            30.2            28.5      0.11917312
    1429            30.2              33      0.12456629
    1430            30.2            37.5      0.13025444
    1431            30.2              42      0.13624756
    1432            30.2            46.5      0.14255416
    1433            30.2              51       0.1491809
    1434            30.2            55.5      0.15613206
    1435            30.2              60      0.16340903
    1436            30.2            64.5      0.17100974
    1437            30.2              69      0.17892811
    1438            30.2            73.5      0.18715348
    1439            30.2              78      0.19567008
    1440            30.2            82.5      0.20445663
    1441            30.2              87      0.21348602
    1442            30.2            91.5      0.22272522
    1443            30.2              96      0.23213538
    1444            30.2           100.5      0.24167229
    1445            30.2             105       0.2512871
    1446            30.2           109.5      0.26092749
    1447            30.2             114      0.27053914
    1448            30.2           118.5      0.28006756
    1449            30.2             123       0.2894602
    1450            30.2           127.5      0.29866866
    1451            30.2             132      0.30765097
    1452            30.2           136.5      0.31637361
    1453            30.2             141      0.32481324
    1454            30.2           145.5      0.33295779
    1455            30.2             150      0.34080684
    1456            30.2           154.5       0.3483712
    1457            30.2             159      0.35567155
    1458            30.2           163.5      0.36273628
    1459            30.2             168      0.36959859
    1460            30.2           172.5      0.37629308
    1461            30.2             177      0.38285202
    1462            30.2           181.5       0.3893017
    1463            30.2             186      0.39565894
    1464            30.2           190.5      0.40192823
    1465            30.2             195      0.40809962
    1466            30.2           199.5      0.41414749
    1467            30.2             204      0.42003041
    1468            30.2           208.5      0.42569191
    1469            30.2             213      0.43106237
    1470            30.2           217.5      0.43606168
    1471            30.2             222      0.44060265
    1472            30.2           226.5      0.44459482
    1473            30.2             231      0.44794859
    1474            30.2           235.5      0.45057928
    1475            30.2             240      0.45241091
    1476            30.2           244.5       0.4533795
    1477            30.2             249      0.45343574
    1478            30.2           253.5      0.45254684
    1479            30.2             258      0.45069749
    1480            30.2           262.5      0.44789003
    1481            30.2             267      0.44414383
    1482            30.2           271.5      0.43949395
    1483            30.2             276      0.43398924
    1484            30.2           280.5      0.42769013
    1485            30.2             285      0.42066613
    1486            30.2           289.5      0.41299326
    1487            30.2             294      0.40475165
    1488            30.2           298.5      0.39602312
    1489            30.2             303      0.38688925
    1490            30.2           307.5      0.37742956
    1491            30.2             312      0.36772013
    1492            30.2           316.5      0.35783247
    1493            30.2             321      0.34783277
    1494            30.2           325.5      0.33778139
    1495            30.2             330      0.32773259
    1496            30.2           334.5      0.31773446
    1497            30.2             339      0.30782909
    1498            30.2           343.5      0.29805275
    1499            30.2             348      0.28843621
    1500            30.2           352.5      0.27900518
    1501            30.2             357       0.2697807
    1502            30.2           361.5      0.26077957
    1503            30.2             366      0.25201482
    1504            30.2           370.5      0.24349614
    1505            30.2             375      0.23523025
    1506            30.2           379.5      0.22722132
    1507            30.2             384      0.21947135
    1508            30.2           388.5       0.2119804
    1509            30.2             393        0.204747
    1510            30.2           397.5      0.19776832
    1511            30.2             402      0.19104044
    1512            30.2           406.5      0.18455857
    1513            30.2             411      0.17831718
    1514            30.2           415.5       0.1723102
    1515            30.2             420      0.16653113
    1516            34.5             -30     0.071550339
    1517            34.5           -25.5     0.074275493
    1518            34.5             -21     0.077156977
    1519            34.5           -16.5     0.080205362
    1520            34.5             -12     0.083431858
    1521            34.5            -7.5     0.086848315
    1522            34.5              -3     0.090467218
    1523            34.5             1.5     0.094301661
    1524            34.5               6     0.098365308
    1525            34.5            10.5      0.10267233
    1526            34.5              15      0.10723731
    1527            34.5            19.5      0.11207514
    1528            34.5              24      0.11720084
    1529            34.5            28.5      0.12262937
    1530            34.5              33      0.12837536
    1531            34.5            37.5      0.13445282
    1532            34.5              42      0.14087473
    1533            34.5            46.5      0.14765265
    1534            34.5              51      0.15479615
    1535            34.5            55.5      0.16231224
    1536            34.5              60      0.17020474
    1537            34.5            64.5      0.17847354
    1538            34.5              69      0.18711389
    1539            34.5            73.5      0.19611562
    1540            34.5              78       0.2054624
    1541            34.5            82.5      0.21513116
    1542            34.5              87      0.22509154
    1543            34.5            91.5      0.23530562
    1544            34.5              96      0.24572791
    1545            34.5           100.5      0.25630579
    1546            34.5             105      0.26698026
    1547            34.5           109.5      0.27768732
    1548            34.5             114      0.28835978
    1549            34.5           118.5      0.29892956
    1550            34.5             123       0.3093305
    1551            34.5           127.5      0.31950129
    1552            34.5             132      0.32938859
    1553            34.5           136.5      0.33894992
    1554            34.5             141       0.3481561
    1555            34.5           145.5      0.35699294
    1556            34.5             150        0.365462
    1557            34.5           154.5      0.37358017
    1558            34.5             159      0.38137801
    1559            34.5           163.5      0.38889698
    1560            34.5             168       0.3961856
    1561            34.5           172.5      0.40329486
    1562            34.5             177      0.41027323
    1563            34.5           181.5      0.41716168
    1564            34.5             186      0.42398901
    1565            34.5           190.5      0.43076794
    1566            34.5             195      0.43749223
    1567            34.5           199.5      0.44413499
    1568            34.5             204      0.45064842
    1569            34.5           208.5      0.45696486
    1570            34.5             213      0.46299918
    1571            34.5           217.5      0.46865232
    1572            34.5             222      0.47381571
    1573            34.5           226.5      0.47837634
    1574            34.5             231      0.48222212
    1575            34.5           235.5      0.48524717
    1576            34.5             240      0.48735673
    1577            34.5           244.5      0.48847145
    1578            34.5             249      0.48853071
    1579            34.5           253.5      0.48749492
    1580            34.5             258      0.48534663
    1581            34.5           262.5      0.48209059
    1582            34.5             267       0.4777527
    1583            34.5           271.5      0.47237813
    1584            34.5             276      0.46602877
    1585            34.5           280.5      0.45878016
    1586            34.5             285       0.4507183
    1587            34.5           289.5       0.4419363
    1588            34.5             294      0.43253129
    1589            34.5           298.5      0.42260155
    1590            34.5             303      0.41224403
    1591            34.5           307.5      0.40155227
    1592            34.5             312      0.39061481
    1593            34.5           316.5      0.37951397
    1594            34.5             321      0.36832503
    1595            34.5           325.5      0.35711584
    1596            34.5             330      0.34594657
    1597            34.5           334.5      0.33486987
    1598            34.5             339      0.32393105
    1599            34.5           343.5      0.31316855
    1600            34.5             348      0.30261436
    1601            34.5           352.5      0.29229458
    1602            34.5             357      0.28223001
    1603            34.5           361.5      0.27243669
    1604            34.5             366      0.26292646
    1605            34.5           370.5       0.2537075
    1606            34.5             375       0.2447848
    1607            34.5           379.5      0.23616065
    1608            34.5             384      0.22783503
    1609            34.5           388.5      0.21980599
    1610            34.5             393      0.21206996
    1611            34.5           397.5      0.20462209
    1612            34.5             402      0.19745644
    1613            34.5           406.5      0.19056628
    1614            34.5             411      0.18394421
    1615            34.5           415.5      0.17758236
    1616            34.5             420      0.17147252
    1617            38.8             -30     0.072582124
    1618            38.8           -25.5     0.075401921
    1619            38.8             -21     0.078388499
    1620            38.8           -16.5      0.08155367
    1621            38.8             -12      0.08491003
    1622            38.8            -7.5     0.088470978
    1623            38.8              -3     0.092250715
    1624            38.8             1.5     0.096264243
    1625            38.8               6      0.10052733
    1626            38.8            10.5      0.10505648
    1627            38.8              15      0.10986881
    1628            38.8            19.5      0.11498198
    1629            38.8              24      0.12041402
    1630            38.8            28.5      0.12618311
    1631            38.8              33      0.13230731
    1632            38.8            37.5      0.13880424
    1633            38.8              42      0.14569063
    1634            38.8            46.5      0.15298182
    1635            38.8              51      0.16069117
    1636            38.8            55.5      0.16882934
    1637            38.8              60      0.17740348
    1638            38.8            64.5      0.18641637
    1639            38.8              69      0.19586542
    1640            38.8            73.5      0.20574172
    1641            38.8              78      0.21602898
    1642            38.8            82.5      0.22670262
    1643            38.8              87      0.23772901
    1644            38.8            91.5      0.24906487
    1645            38.8              96      0.26065708
    1646            38.8           100.5      0.27244299
    1647            38.8             105      0.28435117
    1648            38.8           109.5      0.29630302
    1649            38.8             114       0.3082149
    1650            38.8           118.5      0.32000115
    1651            38.8             123      0.33157761
    1652            38.8           127.5      0.34286569
    1653            38.8             132      0.35379656
    1654            38.8           136.5      0.36431529
    1655            38.8             141      0.37438431
    1656            38.8           145.5      0.38398606
    1657            38.8             150       0.3931243
    1658            38.8           154.5      0.40182372
    1659            38.8             159      0.41012806
    1660            38.8           163.5       0.4180964
    1661            38.8             168      0.42579809
    1662            38.8           172.5      0.43330659
    1663            38.8             177      0.44069272
    1664            38.8           181.5      0.44801786
    1665            38.8             186      0.45532764
    1666            38.8           190.5       0.4626466
    1667            38.8             195      0.46997431
    1668            38.8           199.5      0.47728303
    1669            38.8             204      0.48451731
    1670            38.8           208.5      0.49159537
    1671            38.8             213      0.49841224
    1672            38.8           217.5      0.50484445
    1673            38.8             222      0.51075581
    1674            38.8           226.5      0.51600415
    1675            38.8             231      0.52044834
    1676            38.8           235.5      0.52395523
    1677            38.8             240      0.52640607
    1678            38.8           244.5      0.52770203
    1679            38.8             249      0.52776842
    1680            38.8           253.5      0.52655753
    1681            38.8             258      0.52404987
    1682            38.8           262.5        0.520254
    1683            38.8             267      0.51520491
    1684            38.8           271.5      0.50896135
    1685            38.8             276      0.50160227
    1686            38.8           280.5      0.49322276
    1687            38.8             285       0.4839298
    1688            38.8           289.5      0.47383793
    1689            38.8             294      0.46306538
    1690            38.8           298.5      0.45173048
    1691            38.8             303      0.43994868
    1692            38.8           307.5      0.42783009
    1693            38.8             312      0.41547775
    1694            38.8           316.5      0.40298625
    1695            38.8             321      0.39044104
    1696            38.8           325.5      0.37791805
    1697            38.8             330      0.36548366
    1698            38.8           334.5      0.35319503
    1699            38.8             339      0.34110051
    1700            38.8           343.5      0.32924028
    1701            38.8             348      0.31764702
    1702            38.8           352.5      0.30634665
    1703            38.8             357      0.29535909
    1704            38.8           361.5      0.28469892
    1705            38.8             366      0.27437614
    1706            38.8           370.5      0.26439677
    1707            38.8             375      0.25476346
    1708            38.8           379.5        0.245476
    1709            38.8             384      0.23653183
    1710            38.8           388.5      0.22792643
    1711            38.8             393       0.2196537
    1712            38.8           397.5      0.21170631
    1713            38.8             402      0.20407593
    1714            38.8           406.5      0.19675351
    1715            38.8             411      0.18972946
    1716            38.8           415.5      0.18299381
    1717            38.8             420       0.1765364
    1718            43.1             -30     0.073598131
    1719            43.1           -25.5     0.076513766
    1720            43.1             -21     0.079607125
    1721            43.1           -16.5     0.082891375
    1722            43.1             -12     0.086380636
    1723            43.1            -7.5     0.090090013
    1724            43.1              -3     0.094035624
    1725            43.1             1.5     0.098234606
    1726            43.1               6      0.10270511
    1727            43.1            10.5      0.10746628
    1728            43.1              15      0.11253816
    1729            43.1            19.5      0.11794163
    1730            43.1              24      0.12369823
    1731            43.1            28.5      0.12982997
    1732            43.1              33      0.13635903
    1733            43.1            37.5      0.14330741
    1734            43.1              42      0.15069646
    1735            43.1            46.5      0.15854629
    1736            43.1              51      0.16687512
    1737            43.1            55.5      0.17569839
    1738            43.1              60       0.1850278
    1739            43.1            64.5      0.19487023
    1740            43.1              69      0.20522648
    1741            43.1            73.5      0.21608998
    1742            43.1              78      0.22744539
    1743            43.1            82.5       0.2392673
    1744            43.1              87      0.25151899
    1745            43.1            91.5      0.26415151
    1746            43.1              96      0.27710311
    1747            43.1           100.5      0.29029929
    1748            43.1             105       0.3036535
    1749            43.1           109.5      0.31706887
    1750            43.1             114      0.33044079
    1751            43.1           118.5      0.34366068
    1752            43.1             123      0.35662055
    1753            43.1           127.5      0.36921847
    1754            43.1             132      0.38136438
    1755            43.1           136.5      0.39298586
    1756            43.1             141      0.40403321
    1757            43.1           145.5      0.41448349
    1758            43.1             150      0.42434258
    1759            43.1           154.5      0.43364524
    1760            43.1             159      0.44245265
    1761            43.1           163.5      0.45084769
    1762            43.1             168       0.4589281
    1763            43.1           172.5      0.46679818
    1764            43.1             177      0.47455954
    1765            43.1           181.5      0.48230188
    1766            43.1             186      0.49009436
    1767            43.1           190.5      0.49797838
    1768            43.1             195       0.5059622
    1769            43.1           199.5      0.51401789
    1770            43.1             204       0.5220807
    1771            43.1           208.5      0.53005088
    1772            43.1             213      0.53779787
    1773            43.1           217.5      0.54516647
    1774            43.1             222       0.5519846
    1775            43.1           226.5      0.55807213
    1776            43.1             231      0.56325024
    1777            43.1           235.5       0.5673505
    1778            43.1             240      0.57022333
    1779            43.1           244.5      0.57174515
    1780            43.1             249      0.57182372
    1781            43.1           253.5      0.57040174
    1782            43.1             258      0.56745807
    1783            43.1           262.5      0.56300722
    1784            43.1             267      0.55709689
    1785            43.1           271.5      0.54980412
    1786            43.1             276      0.54123039
    1787            43.1           280.5      0.53149619
    1788            43.1             285      0.52073527
    1789            43.1           289.5      0.50908922
    1790            43.1             294      0.49670243
    1791            43.1           298.5      0.48371771
    1792            43.1             303      0.47027271
    1793            43.1           307.5      0.45649713
    1794            43.1             312      0.44251071
    1795            43.1           316.5      0.42842197
    1796            43.1             321      0.41432747
    1797            43.1           325.5      0.40031176
    1798            43.1             330      0.38644752
    1799            43.1           334.5      0.37279619
    1800            43.1             339      0.35940869
    1801            43.1           343.5       0.3463263
    1802            43.1             348      0.33358164
    1803            43.1           352.5       0.3211996
    1804            43.1             357      0.30919834
    1805            43.1           361.5      0.29759016
    1806            43.1             366      0.28638235
    1807            43.1           370.5      0.27557797
    1808            43.1             375      0.26517655
    1809            43.1           379.5      0.25517467
    1810            43.1             384      0.24556657
    1811            43.1           388.5      0.23634455
    1812            43.1             393      0.22749945
    1813            43.1           397.5      0.21902095
    1814            43.1             402      0.21089786
    1815            43.1           406.5      0.20311843
    1816            43.1             411       0.1956705
    1817            43.1           415.5      0.18854171
    1818            43.1             420      0.18171962
    1819            47.4             -30     0.074594673
    1820            47.4           -25.5     0.077606984
    1821            47.4             -21     0.080808433
    1822            47.4           -16.5      0.08421366
    1823            47.4             -12     0.087838448
    1824            47.4            -7.5     0.091699784
    1825            47.4              -3     0.095815902
    1826            47.4             1.5      0.10020633
    1827            47.4               6      0.10489189
    1828            47.4            10.5      0.10989472
    1829            47.4              15      0.11523823
    1830            47.4            19.5      0.12094699
    1831            47.4              24      0.12704668
    1832            47.4            28.5      0.13356378
    1833            47.4              33      0.14052542
    1834            47.4            37.5      0.14795889
    1835            47.4              42      0.15589121
    1836            47.4            46.5      0.16434848
    1837            47.4              51      0.17335507
    1838            47.4            55.5      0.18293267
    1839            47.4              60      0.19309909
    1840            47.4            64.5      0.20386695
    1841            47.4              69      0.21524208
    1842            47.4            73.5      0.22722184
    1843            47.4              78      0.23979325
    1844            47.4            82.5      0.25293116
    1845            47.4              87      0.26659641
    1846            47.4            91.5      0.28073436
    1847            47.4              96      0.29527374
    1848            47.4           100.5      0.31012624
    1849            47.4             105      0.32518704
    1850            47.4           109.5      0.34033651
    1851            47.4             114      0.35544327
    1852            47.4           118.5      0.37036878
    1853            47.4             123      0.38497337
    1854            47.4           127.5      0.39912344
    1855            47.4             132      0.41269955
    1856            47.4           136.5      0.42560454
    1857            47.4             141      0.43777104
    1858            47.4           145.5      0.44916743
    1859            47.4             150      0.45980136
    1860            47.4           154.5      0.46972028
    1861            47.4             159      0.47900856
    1862            47.4           163.5      0.48778128
    1863            47.4             168        0.496175
    1864            47.4           172.5      0.50433635
    1865            47.4             177      0.51240952
    1866            47.4           181.5      0.52052344
    1867            47.4             186      0.52878009
    1868            47.4           190.5      0.53724463
    1869            47.4             195      0.54593813
    1870            47.4           199.5      0.55483342
    1871            47.4             204      0.56385425
    1872            47.4           208.5      0.57287777
    1873            47.4             213       0.5817401
    1874            47.4           217.5      0.59024458
    1875            47.4             222      0.59817209
    1876            47.4           226.5      0.60529282
    1877            47.4             231      0.61137869
    1878            47.4           235.5      0.61621539
    1879            47.4             240      0.61961353
    1880            47.4           244.5      0.62141791
    1881            47.4             249      0.62151452
    1882            47.4           253.5      0.61983472
    1883            47.4             258      0.61635668
    1884            47.4           262.5      0.61110408
    1885            47.4             267      0.60414244
    1886            47.4           271.5      0.59557363
    1887            47.4             276      0.58552909
    1888            47.4           280.5      0.57416236
    1889            47.4             285      0.56164165
    1890            47.4           289.5      0.54814266
    1891            47.4             294      0.53384228
    1892            47.4           298.5      0.51891324
    1893            47.4             303       0.5035198
    1894            47.4           307.5      0.48781463
    1895            47.4             312      0.47193667
    1896            47.4           316.5      0.45600992
    1897            47.4             321      0.44014302
    1898            47.4           325.5      0.42442937
    1899            47.4             330       0.4089478
    1900            47.4           334.5      0.39376348
    1901            47.4             339      0.37892908
    1902            47.4           343.5      0.36448602
    1903            47.4             348      0.35046575
    1904            47.4           352.5      0.33689104
    1905            47.4             357      0.32377715
    1906            47.4           361.5      0.31113297
    1907            47.4             366      0.29896204
    1908            47.4           370.5      0.28726345
    1909            47.4             375      0.27603267
    1910            47.4           379.5      0.26526225
    1911            47.4             384      0.25494242
    1912            47.4           388.5      0.24506162
    1913            47.4             393      0.23560696
    1914            47.4           397.5      0.22656456
    1915            47.4             402      0.21791989
    1916            47.4           406.5      0.20965802
    1917            47.4             411      0.20176384
    1918            47.4           415.5       0.1942222
    1919            47.4             420      0.18701809
    1920            51.7             -30     0.075567817
    1921            51.7           -25.5     0.078677233
    1922            51.7             -21     0.081987641
    1923            51.7           -16.5     0.085515271
    1924            51.7             -12     0.089277717
    1925            51.7            -7.5      0.09329402
    1926            51.7              -3     0.097584754
    1927            51.7             1.5      0.10217209
    1928            51.7               6      0.10707986
    1929            51.7            10.5      0.11233357
    1930            51.7              15      0.11796044
    1931            51.7            19.5      0.12398933
    1932            51.7              24      0.13045066
    1933            51.7            28.5      0.13737624
    1934            51.7              33        0.144799
    1935            51.7            37.5      0.15275265
    1936            51.7              42      0.16127112
    1937            51.7            46.5      0.17038794
    1938            51.7              51      0.18013527
    1939            51.7            55.5      0.19054287
    1940            51.7              60      0.20163668
    1941            51.7            64.5       0.2134372
    1942            51.7              69      0.22595753
    1943            51.7            73.5      0.23920119
    1944            51.7              78      0.25315967
    1945            51.7            82.5      0.26780987
    1946            51.7              87       0.2831115
    1947            51.7            91.5       0.2990047
    1948            51.7              96       0.3154081
    1949            51.7           100.5      0.33221767
    1950            51.7             105      0.34930669
    1951            51.7           109.5      0.36652732
    1952            51.7             114      0.38371405
    1953            51.7           118.5      0.40068919
    1954            51.7             123       0.4172707
    1955            51.7           127.5      0.43328179
    1956            51.7             132      0.44856208
    1957            51.7           136.5      0.46297921
    1958            51.7             141      0.47643974
    1959            51.7           145.5      0.48889821
    1960            51.7             150      0.50036287
    1961            51.7           154.5      0.51089714
    1962            51.7             159      0.52061627
    1963            51.7           163.5      0.52967902
    1964            51.7             168      0.53827517
    1965            51.7           172.5      0.54660983
    1966            51.7             177      0.55488605
    1967            51.7           181.5      0.56328722
    1968            51.7             186      0.57196104
    1969            51.7           190.5      0.58100598
    1970            51.7             195      0.59046154
    1971            51.7           199.5      0.60030268
    1972            51.7             204      0.61043875
    1973            51.7           208.5      0.62071686
    1974            51.7             213      0.63092941
    1975            51.7           217.5      0.64082509
    1976            51.7             222      0.65012278
    1977            51.7           226.5       0.6585272
    1978            51.7             231       0.6657455
    1979            51.7           235.5      0.67150336
    1980            51.7             240      0.67555966
    1981            51.7           244.5      0.67771881
    1982            51.7             249      0.67783953
    1983            51.7           253.5      0.67584017
    1984            51.7             258      0.67169993
    1985            51.7           262.5      0.66545652
    1986            51.7             267      0.65720064
    1987            51.7           271.5      0.64706805
    1988            51.7             276      0.63523013
    1989            51.7           280.5      0.62188385
    1990            51.7             285      0.60724175
    1991            51.7           289.5      0.59152274
    1992            51.7             294      0.57494415
    1993            51.7           298.5      0.55771516
    1994            51.7             303      0.54003183
    1995            51.7           307.5      0.52207363
    1996            51.7             312      0.50400128
    1997            51.7           316.5      0.48595582
    1998            51.7             321      0.46805855
    1999            51.7           325.5      0.45041171
    2000            51.7             330      0.43309963
    2001            51.7           334.5      0.41619021
    2002            51.7             339      0.39973664
    2003            51.7           343.5      0.38377903
    2004            51.7             348      0.36834621
    2005            51.7           352.5      0.35345729
    2006            51.7             357      0.33912317
    2007            51.7           361.5      0.32534793
    2008            51.7             366      0.31213004
    2009            51.7           370.5      0.29946341
    2010            51.7             375      0.28733834
    2011            51.7           379.5       0.2757423
    2012            51.7             384      0.26466063
    2013            51.7           388.5      0.25407707
    2014            51.7             393      0.24397426
    2015            51.7           397.5      0.23433414
    2016            51.7             402      0.22513824
    2017            51.7           406.5      0.21636795
    2018            51.7             411      0.20800474
    2019            51.7           415.5      0.20003032
    2020            51.7             420      0.19242673
    2021              56             -30     0.076513395
    2022              56           -25.5      0.07971988
    2023              56             -21     0.083139607
    2024              56           -16.5     0.086790516
    2025              56             -12     0.090692156
    2026              56            -7.5     0.094865809
    2027              56              -3     0.099334608
    2028              56             1.5      0.10412365
    2029              56               6       0.1092601
    2030              56            10.5      0.11477327
    2031              56              15      0.12069467
    2032              56            19.5      0.12705807
    2033              56              24      0.13389937
    2034              56            28.5      0.14125657
    2035              56              33      0.14916951
    2036              56            37.5      0.15767953
    2037              56              42        0.166829
    2038              56            46.5      0.17666055
    2039              56              51      0.18721618
    2040              56            55.5      0.19853598
    2041              56              60      0.21065658
    2042              56            64.5      0.22360914
    2043              56              69      0.23741706
    2044              56            73.5      0.25209311
    2045              56              78      0.26763632
    2046              56            82.5      0.28402843
    2047              56              87      0.30123029
    2048              56            91.5      0.31917819
    2049              56              96      0.33778074
    2050              56           100.5      0.35691648
    2051              56             105      0.37643291
    2052              56           109.5      0.39614752
    2053              56             114      0.41585133
    2054              56           118.5      0.43531549
    2055              56             123      0.45430111
    2056              56           127.5      0.47257221
    2057              56             132      0.48991099
    2058              56           136.5      0.50613451
    2059              56             141      0.52111069
    2060              56           145.5      0.53477205
    2061              56             150      0.54712496
    2062              56           154.5      0.55825271
    2063              56             159      0.56831169
    2064              56           163.5      0.57752035
    2065              56             168      0.58614189
    2066              56           172.5      0.59446245
    2067              56             177      0.60276683
    2068              56           181.5      0.61131415
    2069              56             186      0.62031565
    2070              56           190.5      0.62991638
    2071              56             195      0.64018202
    2072              56           199.5      0.65109148
    2073              56             204      0.66253573
    2074              56           208.5      0.67432242
    2075              56             213      0.68618606
    2076              56           217.5      0.69780289
    2077              56             222      0.70880946
    2078              56           226.5      0.71882366
    2079              56             231      0.72746698
    2080              56           235.5      0.73438604
    2081              56             240      0.73927225
    2082              56           244.5      0.74187796
    2083              56             249      0.74202799
    2084              56           253.5      0.73962598
    2085              56             258      0.73465531
    2086              56           262.5      0.72717502
    2087              56             267      0.71731147
    2088              56           271.5      0.70524696
    2089              56             276       0.6912066
    2090              56           280.5      0.67544448
    2091              56             285      0.65823049
    2092              56           289.5      0.63983835
    2093              56             294      0.62053566
    2094              56           298.5      0.60057596
    2095              56             303       0.5801931
    2096              56           307.5      0.55959748
    2097              56             312      0.53897423
    2098              56           316.5      0.51848265
    2099              56             321       0.4982569
    2100              56           325.5       0.4784074
    2101              56             330      0.45902274
    2102              56           334.5      0.44017195
    2103              56             339      0.42190682
    2104              56           343.5      0.40426421
    2105              56             348      0.38726827
    2106              56           352.5      0.37093249
    2107              56             357      0.35526155
    2108              56           361.5      0.34025297
    2109              56             366       0.3258985
    2110              56           370.5      0.31218541
    2111              56             375      0.29909749
    2112              56           379.5      0.28661596
    2113              56             384      0.27472016
    2114              56           388.5      0.26338821
    2115              56             393      0.25259746
    2116              56           397.5      0.24232491
    2117              56             402      0.23254751
    2118              56           406.5      0.22324242
    2119              56             411      0.21438719
    2120              56           415.5      0.20595993
    2121              56             420       0.1979394
    2122            60.3             -30     0.077427025
    2123            60.3           -25.5      0.08073002
    2124            60.3             -21     0.084258849
    2125            60.3           -16.5     0.088033275
    2126            60.3             -12     0.092074952
    2127            60.3            -7.5     0.096407584
    2128            60.3              -3      0.10105709
    2129            60.3             1.5      0.10605178
    2130            60.3               6      0.11142251
    2131            60.3            10.5      0.11720282
    2132            60.3              15      0.12342908
    2133            60.3            19.5      0.13014059
    2134            60.3              24      0.13737958
    2135            60.3            28.5      0.14519123
    2136            60.3              33      0.15362346
    2137            60.3            37.5      0.16272672
    2138            60.3              42      0.17255351
    2139            60.3            46.5      0.18315767
    2140            60.3              51      0.19459341
    2141            60.3            55.5        0.206914
    2142            60.3              60      0.22016993
    2143            60.3            64.5      0.23440671
    2144            60.3              69      0.24966197
    2145            60.3            73.5      0.26596201
    2146            60.3              78      0.28331774
    2147            60.3            82.5         0.30172
    2148            60.3              87      0.32113446
    2149            60.3            91.5      0.34149639
    2150            60.3              96      0.36270558
    2151            60.3           100.5       0.3846222
    2152            60.3             105      0.40706405
    2153            60.3           109.5      0.42980647
    2154            60.3             114      0.45258551
    2155            60.3           118.5      0.47510542
    2156            60.3             123      0.49705096
    2157            60.3           127.5      0.51810448
    2158            60.3             132      0.53796719
    2159            60.3           136.5      0.55638288
    2160            60.3             141       0.5731618
    2161            60.3           145.5      0.58820147
    2162            60.3             150      0.60150152
    2163            60.3           154.5       0.6131697
    2164            60.3             159       0.6234176
    2165            60.3           163.5      0.63254569
    2166            60.3             168      0.64091917
    2167            60.3           172.5      0.64893717
    2168            60.3             177      0.65699855
    2169            60.3           181.5      0.66546793
    2170            60.3             186      0.67464502
    2171            60.3           190.5      0.68473966
    2172            60.3             195      0.69585419
    2173            60.3           199.5      0.70797395
    2174            60.3             204      0.72096592
    2175            60.3           208.5      0.73458537
    2176            60.3             213      0.74848961
    2177            60.3           217.5       0.7622581
    2178            60.3             222      0.77541739
    2179            60.3           226.5      0.78746951
    2180            60.3             231      0.79792182
    2181            60.3           235.5      0.80631616
    2182            60.3             240      0.81225529
    2183            60.3           244.5      0.81542431
    2184            60.3             249      0.81560578
    2185            60.3           253.5      0.81268738
    2186            60.3             258      0.80666199
    2187            60.3           262.5      0.79762094
    2188            60.3             267      0.78574141
    2189            60.3           271.5      0.77127007
    2190            60.3             276      0.75450455
    2191            60.3           280.5      0.73577455
    2192            60.3             285      0.71542431
    2193            60.3           289.5      0.69379715
    2194            60.3             294      0.67122309
    2195            60.3           298.5      0.64800945
    2196            60.3             303      0.62443457
    2197            60.3           307.5      0.60074419
    2198            60.3             312      0.57715012
    2199            60.3           316.5      0.55383064
    2200            60.3             321      0.53093216
    2201            60.3           325.5      0.50857177
    2202            60.3             330      0.48684022
    2203            60.3           334.5      0.46580514
    2204            60.3             339      0.44551425
    2205            60.3           343.5      0.42599839
    2206            60.3             348       0.4072744
    2207            60.3           352.5      0.38934759
    2208            60.3             357      0.37221406
    2209            60.3           361.5      0.35586256
    2210            60.3             366       0.3402762
    2211            60.3           370.5      0.32543378
    2212            60.3             375      0.31131104
    2213            60.3           379.5      0.29788151
    2214            60.3             384      0.28511736
    2215            60.3           388.5      0.27298998
    2216            60.3             393      0.26147049
    2217            60.3           397.5      0.25053012
    2218            60.3             402      0.24014054
    2219            60.3           406.5      0.23027403
    2220            60.3             411      0.22090372
    2221            60.3           415.5      0.21200363
    2222            60.3             420      0.20354881
    2223            64.6             -30      0.07830413
    2224            64.6           -25.5     0.081702499
    2225            64.6             -21     0.085339563
    2226            64.6           -16.5     0.089237025
    2227            64.6             -12      0.09341878
    2228            64.6            -7.5     0.097911138
    2229            64.6              -3      0.10274304
    2230            64.6             1.5      0.10794628
    2231            64.6               6      0.11355578
    2232            64.6            10.5      0.11960976
    2233            64.6              15      0.12615003
    2234            64.6            19.5      0.13322212
    2235            64.6              24      0.14087549
    2236            64.6            28.5      0.14916355
    2237            64.6              33      0.15814369
    2238            64.6            37.5      0.16787709
    2239            64.6              42       0.1784284
    2240            64.6            46.5      0.18986506
    2241            64.6              51      0.20225642
    2242            64.6            55.5      0.21567232
    2243            64.6              60      0.23018117
    2244            64.6            64.5      0.24584742
    2245            64.6              69      0.26272817
    2246            64.6            73.5        0.280869
    2247            64.6              78      0.30029882
    2248            64.6            82.5      0.32102376
    2249            64.6              87      0.34302023
    2250            64.6            91.5       0.3662274
    2251            64.6              96      0.39053951
    2252            64.6           100.5      0.41579882
    2253            64.6             105      0.44179022
    2254            64.6           109.5       0.4682387
    2255            64.6             114      0.49481136
    2256            64.6           118.5      0.52112523
    2257            64.6             123      0.54676224
    2258            64.6           127.5       0.5712917
    2259            64.6             132      0.59429965
    2260            64.6           136.5      0.61542307
    2261            64.6             141       0.6343853
    2262            64.6           145.5      0.65102821
    2263            64.6             150       0.6653359
    2264            64.6           154.5      0.67744572
    2265            64.6             159      0.68764375
    2266            64.6           163.5      0.69634427
    2267            64.6             168      0.70405543
    2268            64.6           172.5      0.71133508
    2269            64.6             177      0.71874214
    2270            64.6           181.5       0.7267887
    2271            64.6             186      0.73589756
    2272            64.6           190.5      0.74636839
    2273            64.6             195      0.75835442
    2274            64.6           199.5       0.7718503
    2275            64.6             204      0.78669118
    2276            64.6           208.5      0.80256201
    2277            64.6             213      0.81901645
    2278            64.6           217.5      0.83550384
    2279            64.6             222      0.85140285
    2280            64.6           226.5      0.86605981
    2281            64.6             231      0.87882904
    2282            64.6           235.5      0.88911253
    2283            64.6             240       0.8963957
    2284            64.6           244.5      0.90027633
    2285            64.6             249      0.90048438
    2286            64.6           253.5       0.8968912
    2287            64.6             258       0.8895081
    2288            64.6           262.5      0.87847519
    2289            64.6             267      0.86404253
    2290            64.6           271.5       0.8465463
    2291            64.6             276       0.8263826
    2292            64.6           280.5      0.80398162
    2293            64.6             285      0.77978423
    2294            64.6           289.5      0.75422215
    2295            64.6             294      0.72770269
    2296            64.6           298.5       0.7005979
    2297            64.6             303      0.67323798
    2298            64.6           307.5      0.64590821
    2299            64.6             312      0.61884874
    2300            64.6           316.5      0.59225647
    2301            64.6             321       0.5662883
    2302            64.6           325.5      0.54106519
    2303            64.6             330      0.51667668
    2304            64.6           334.5      0.49318531
    2305            64.6             339      0.47063099
    2306            64.6           343.5      0.44903487
    2307            64.6             348      0.42840295
    2308            64.6           352.5      0.40872917
    2309            64.6             357      0.38999803
    2310            64.6           361.5      0.37218687
    2311            64.6             366      0.35526776
    2312            64.6           370.5      0.33920897
    2313            64.6             375      0.32397629
    2314            64.6           379.5      0.30953398
    2315            64.6             384      0.29584561
    2316            64.6           388.5      0.28287462
    2317            64.6             393      0.27058484
    2318            64.6           397.5      0.25894085
    2319            64.6             402      0.24790821
    2320            64.6           406.5      0.23745367
    2321            64.6             411      0.22754532
    2322            64.6           415.5      0.21815262
    2323            64.6             420      0.20924648
    2324            68.9             -30     0.079139973
    2325            68.9           -25.5     0.082631941
    2326            68.9             -21     0.086375657
    2327            68.9           -16.5     0.090394861
    2328            68.9             -12      0.09471583
    2329            68.9            -7.5     0.099367646
    2330            68.9              -3      0.10438249
    2331            68.9             1.5      0.10979595
    2332            68.9               6      0.11564735
    2333            68.9            10.5       0.1219801
    2334            68.9              15      0.12884198
    2335            68.9            19.5      0.13628557
    2336            68.9              24      0.14436843
    2337            68.9            28.5      0.15315344
    2338            68.9              33      0.16270892
    2339            68.9            37.5      0.17310864
    2340            68.9              42      0.18443164
    2341            68.9            46.5      0.19676182
    2342            68.9              51      0.21018705
    2343            68.9            55.5      0.22479792
    2344            68.9              60      0.24068569
    2345            68.9            64.5      0.25793958
    2346            68.9              69      0.27664292
    2347            68.9            73.5      0.29686826
    2348            68.9              78      0.31867095
    2349            68.9            82.5      0.34208136
    2350            68.9              87      0.36709563
    2351            68.9            91.5      0.39366507
    2352            68.9              96      0.42168482
    2353            68.9           100.5      0.45098259
    2354            68.9             105      0.48130883
    2355            68.9           109.5      0.51233009
    2356            68.9             114      0.54362808
    2357            68.9           118.5      0.57470671
    2358            68.9             123      0.60500945
    2359            68.9           127.5      0.63394843
    2360            68.9             132      0.66094487
    2361            68.9           136.5      0.68547851
    2362            68.9             141       0.7071408
    2363            68.9           145.5      0.72568477
    2364            68.9             150      0.74106335
    2365            68.9           154.5      0.75344893
    2366            68.9             159      0.76322906
    2367            68.9           163.5      0.77097775
    2368            68.9             168      0.77740559
    2369            68.9           172.5       0.7832955
    2370            68.9             177       0.7894324
    2371            68.9           181.5      0.79653531
    2372            68.9             186      0.80519838
    2373            68.9           190.5       0.8158453
    2374            68.9             195      0.82869895
    2375            68.9           199.5      0.84376667
    2376            68.9             204      0.86084026
    2377            68.9           208.5      0.87950952
    2378            68.9             213      0.89918792
    2379            68.9           217.5      0.91914892
    2380            68.9             222       0.9385712
    2381            68.9           226.5      0.95659044
    2382            68.9             231      0.97235418
    2383            68.9           235.5      0.98507623
    2384            68.9             240      0.99408558
    2385            68.9           244.5      0.99886588
    2386            68.9             249      0.99908171
    2387            68.9           253.5      0.99458968
    2388            68.9             258      0.98543408
    2389            68.9           262.5      0.97182886
    2390            68.9             267      0.95412918
    2391            68.9           271.5      0.93279647
    2392            68.9             276      0.90836133
    2393            68.9           280.5      0.88138799
    2394            68.9             285      0.85244311
    2395            68.9           289.5      0.82207053
    2396            68.9             294      0.79077281
    2397            68.9           298.5       0.7589992
    2398            68.9             303      0.72713929
    2399            68.9           307.5       0.6955214
    2400            68.9             312      0.66441434
    2401            68.9           316.5      0.63403159
    2402            68.9             321      0.60453691
    2403            68.9           325.5      0.57605057
    2404            68.9             330      0.54865578
    2405            68.9           334.5      0.52240477
    2406            68.9             339      0.49732447
    2407            68.9           343.5      0.47342149
    2408            68.9             348      0.45068651
    2409            68.9           352.5      0.42909796
    2410            68.9             357      0.40862513
    2411            68.9           361.5      0.38923071
    2412            68.9             366      0.37087286
    2413            68.9           370.5      0.35350686
    2414            68.9             375      0.33708641
    2415            68.9           379.5      0.32156465
    2416            68.9             384      0.30689492
    2417            68.9           388.5      0.29303137
    2418            68.9             393      0.27992937
    2419            68.9           397.5      0.26754581
    2420            68.9             402      0.25583932
    2421            68.9           406.5      0.24477036
    2422            68.9             411      0.23430137
    2423            68.9           415.5      0.22439669
    2424            68.9             420      0.21502263
    2425            73.2             -30     0.079929687
    2426            73.2           -25.5     0.083512793
    2427            73.2             -21     0.087360792
    2428            73.2           -16.5     0.091499553
    2429            73.2             -12     0.095957851
    2430            73.2            -7.5      0.10076771
    2431            73.2              -3      0.10596476
    2432            73.2             1.5      0.11158865
    2433            73.2               6      0.11768348
    2434            73.2            10.5      0.12429828
    2435            73.2              15      0.13148747
    2436            73.2            19.5      0.13931138
    2437            73.2              24      0.14783672
    2438            73.2            28.5      0.15713709
    2439            73.2              33      0.16729332
    2440            73.2            37.5       0.1783938
    2441            73.2              42      0.19053458
    2442            73.2            46.5      0.20381917
    2443            73.2              51      0.21835799
    2444            73.2            55.5      0.23426727
    2445            73.2              60      0.25166716
    2446            73.2            64.5      0.27067891
    2447            73.2              69      0.29142076
    2448            73.2            73.5      0.31400227
    2449            73.2              78      0.33851674
    2450            73.2            82.5      0.36503146
    2451            73.2              87      0.39357561
    2452            73.2            91.5      0.42412581
    2453            73.2              96      0.45658971
    2454            73.2           100.5      0.49078866
    2455            73.2             105      0.52644095
    2456            73.2           109.5      0.56314827
    2457            73.2             114       0.6003888
    2458            73.2           118.5      0.63752102
    2459            73.2             123      0.67380228
    2460            73.2           127.5      0.70842537
    2461            73.2             132      0.74057403
    2462            73.2           136.5      0.76949444
    2463            73.2             141      0.79457584
    2464            73.2           145.5      0.81542872
    2465            73.2             150      0.83194743
    2466            73.2           154.5      0.84434431
    2467            73.2             159      0.85314683
    2468            73.2           163.5      0.85915641
    2469            73.2             168       0.8633742
    2470            73.2           172.5      0.86690553
    2471            73.2             177      0.87085697
    2472            73.2           181.5      0.87623899
    2473            73.2             186      0.88388421
    2474            73.2           190.5      0.89438659
    2475            73.2             195      0.90806303
    2476            73.2           199.5       0.9249366
    2477            73.2             204      0.94473896
    2478            73.2           208.5      0.96693001
    2479            73.2             213      0.99073262
    2480            73.2           217.5       1.0151813
    2481            73.2             222       1.0391827
    2482            73.2           226.5       1.0615855
    2483            73.2             231       1.0812558
    2484            73.2           235.5       1.0971517
    2485            73.2             240       1.1083918
    2486            73.2           244.5       1.1143096
    2487            73.2             249       1.1144886
    2488            73.2           253.5       1.1087758
    2489            73.2             258       1.0972722
    2490            73.2           262.5       1.0803038
    2491            73.2             267       1.0583783
    2492            73.2           271.5       1.0321336
    2493            73.2             276       1.0022851
    2494            73.2           280.5      0.96957617
    2495            73.2             285      0.93473749
    2496            73.2           289.5      0.89845464
    2497            73.2             294      0.86134667
    2498            73.2           298.5       0.8239535
    2499            73.2             303      0.78673112
    2500            73.2           307.5      0.75005267
    2501            73.2             312      0.71421355
    2502            73.2           316.5      0.67943919
    2503            73.2             321      0.64589386
    2504            73.2           325.5         0.61369
    2505            73.2             330      0.58289705
    2506            73.2           334.5      0.55354966
    2507            73.2             339      0.52565488
    2508            73.2           343.5      0.49919845
    2509            73.2             348      0.47414998
    2510            73.2           352.5      0.45046733
    2511            73.2             357      0.42810011
    2512            73.2           361.5      0.40699248
    2513            73.2             366      0.38708534
    2514            73.2           370.5      0.36831808
    2515            73.2             375      0.35062985
    2516            73.2           379.5      0.33396056
    2517            73.2             384      0.31825157
    2518            73.2           388.5      0.30344618
    2519            73.2             393         0.28949
    2520            73.2           397.5      0.27633117
    2521            73.2             402      0.26392042
    2522            73.2           406.5      0.25221117
    2523            73.2             411       0.2411595
    2524            73.2           415.5       0.2307241
    2525            73.2             420      0.22086619
    2526            77.5             -30     0.080668328
    2527            77.5           -25.5     0.084339375
    2528            77.5             -21     0.088288439
    2529            77.5           -16.5     0.092543594
    2530            77.5             -12     0.097136219
    2531            77.5            -7.5      0.10210141
    2532            77.5              -3      0.10747845
    2533            77.5             1.5      0.11331131
    2534            77.5               6      0.11964922
    2535            77.5            10.5      0.12654726
    2536            77.5              15      0.13406708
    2537            77.5            19.5      0.14227755
    2538            77.5              24      0.15125556
    2539            77.5            28.5      0.16108672
    2540            77.5              33      0.17186612
    2541            77.5            37.5      0.18369895
    2542            77.5              42      0.19670108
    2543            77.5            46.5      0.21099926
    2544            77.5              51      0.22673101
    2545            77.5            55.5        0.244044
    2546            77.5              60      0.26309444
    2547            77.5            64.5      0.28404457
    2548            77.5              69      0.30705839
    2549            77.5            73.5      0.33229557
    2550            77.5              78      0.35990273
    2551            77.5            82.5      0.39000168
    2552            77.5              87      0.42267404
    2553            77.5            91.5      0.45794199
    2554            77.5              96      0.49574528
    2555            77.5           100.5      0.53591515
    2556            77.5             105      0.57814732
    2557            77.5           109.5      0.62197697
    2558            77.5             114      0.66676097
    2559            77.5           118.5       0.7116736
    2560            77.5             123       0.7557231
    2561            77.5           127.5      0.79779565
    2562            77.5             132      0.83673032
    2563            77.5           136.5        0.871423
    2564            77.5             141      0.90094934
    2565            77.5           145.5      0.92468932
    2566            77.5             150      0.94243059
    2567            77.5           154.5      0.95442831
    2568            77.5             159      0.96140608
    2569            77.5           163.5      0.96449469
    2570            77.5             168      0.96511885
    2571            77.5           172.5      0.96485174
    2572            77.5             177      0.96526154
    2573            77.5           181.5      0.96777091
    2574            77.5             186      0.97354383
    2575            77.5           190.5      0.98340615
    2576            77.5             195      0.99779929
    2577            77.5           199.5       1.0167634
    2578            77.5             204       1.0399451
    2579            77.5           208.5       1.0666256
    2580            77.5             213       1.0957678
    2581            77.5           217.5       1.1260801
    2582            77.5             222       1.1560973
    2583            77.5           226.5       1.1842743
    2584            77.5             231       1.2090902
    2585            77.5           235.5       1.2291529
    2586            77.5             240       1.2432948
    2587            77.5           244.5       1.2506495
    2588            77.5             249       1.2507009
    2589            77.5           253.5        1.243298
    2590            77.5             258        1.228637
    2591            77.5           262.5       1.2072146
    2592            77.5             267       1.1797616
    2593            77.5           271.5       1.1471663
    2594            77.5             276        1.110399
    2595            77.5           280.5       1.0704437
    2596            77.5             285       1.0282443
    2597            77.5           289.5      0.98466475
    2598            77.5             294      0.94046471
    2599            77.5           298.5      0.89628841
    2600            77.5             303      0.85266318
    2601            77.5           307.5      0.81000546
    2602            77.5             312      0.76863137
    2603            77.5           316.5      0.72876948
    2604            77.5             321      0.69057444
    2605            77.5           325.5      0.65414013
    2606            77.5             330      0.61951172
    2607            77.5           334.5      0.58669633
    2608            77.5             339      0.55567207
    2609            77.5           343.5      0.52639563
    2610            77.5             348      0.49880842
    2611            77.5           352.5      0.47284147
    2612            77.5             357      0.44841931
    2613            77.5           361.5      0.42546298
    2614            77.5             366      0.40389222
    2615            77.5           370.5       0.3836272
    2616            77.5             375      0.36458973
    2617            77.5           379.5      0.34670412
    2618            77.5             384      0.32989774
    2619            77.5           388.5      0.31410139
    2620            77.5             393      0.29924954
    2621            77.5           397.5      0.28528035
    2622            77.5             402      0.27213569
    2623            77.5           406.5      0.25976108
    2624            77.5             411      0.24810557
    2625            77.5           415.5      0.23712156
    2626            77.5             420      0.22676471
    2627            81.8             -30     0.081350923
    2628            81.8           -25.5     0.085105936
    2629            81.8             -21     0.089151945
    2630            81.8           -16.5     0.093519282
    2631            81.8             -12     0.098242011
    2632            81.8            -7.5      0.10335843
    2633            81.8              -3      0.10891162
    2634            81.8             1.5      0.11495011
    2635            81.8               6      0.12152855
    2636            81.8            10.5      0.12870854
    2637            81.8              15      0.13655949
    2638            81.8            19.5      0.14515962
    2639            81.8              24      0.15459696
    2640            81.8            28.5       0.1649705
    2641            81.8              33      0.17639134
    2642            81.8            37.5      0.18898385
    2643            81.8              42      0.20288673
    2644            81.8            46.5      0.21825393
    2645            81.8              51      0.23525525
    2646            81.8            55.5       0.2540764
    2647            81.8              60      0.27491817
    2648            81.8            64.5      0.29799449
    2649            81.8              69      0.32352861
    2650            81.8            73.5      0.35174699
    2651            81.8              78      0.38286981
    2652            81.8            82.5      0.41709741
    2653            81.8              87      0.45459148
    2654            81.8            91.5      0.49545022
    2655            81.8              96       0.5396769
    2656            81.8           100.5      0.58714212
    2657            81.8             105      0.63754151
    2658            81.8           109.5      0.69035273
    2659            81.8             114      0.74479854
    2660            81.8           118.5      0.79982565
    2661            81.8             123      0.85411196
    2662            81.8           127.5      0.90611486
    2663            81.8             132      0.95417009
    2664            81.8           136.5       0.9966423
    2665            81.8             141       1.0321147
    2666            81.8           145.5         1.05959
    2667            81.8             150       1.0786646
    2668            81.8           154.5        1.089634
    2669            81.8             159       1.0935021
    2670            81.8           163.5       1.0918872
    2671            81.8             168       1.0868431
    2672            81.8           172.5        1.080632
    2673            81.8             177       1.0754908
    2674            81.8           181.5        1.073427
    2675            81.8             186       1.0760637
    2676            81.8           190.5       1.0845384
    2677            81.8             195       1.0994531
    2678            81.8           199.5       1.1208616
    2679            81.8             204       1.1482881
    2680            81.8           208.5       1.1807674
    2681            81.8             213       1.2169066
    2682            81.8           217.5       1.2549681
    2683            81.8             222       1.2929754
    2684            81.8           226.5       1.3288397
    2685            81.8             231       1.3605029
    2686            81.8           235.5       1.3860866
    2687            81.8             240       1.4040289
    2688            81.8           244.5       1.4131955
    2689            81.8             249        1.412948
    2690            81.8           253.5       1.4031606
    2691            81.8             258       1.3841878
    2692            81.8           262.5       1.3567879
    2693            81.8             267       1.3220203
    2694            81.8           271.5       1.2811316
    2695            81.8             276       1.2354452
    2696            81.8           280.5       1.1862687
    2697            81.8             285       1.1348225
    2698            81.8           289.5       1.0821926
    2699            81.8             294       1.0293056
    2700            81.8           298.5      0.97692165
    2701            81.8             303      0.92563975
    2702            81.8           307.5      0.87591249
    2703            81.8             312       0.8280645
    2704            81.8           316.5      0.78231282
    2705            81.8             321       0.7387868
    2706            81.8           325.5      0.69754626
    2707            81.8             330      0.65859755
    2708            81.8           334.5      0.62190697
    2709            81.8             339      0.58741189
    2710            81.8           343.5      0.55502968
    2711            81.8             348      0.52466464
    2712            81.8           352.5      0.49621343
    2713            81.8             357      0.46956913
    2714            81.8           361.5      0.44462422
    2715            81.8             366      0.42127279
    2716            81.8           370.5      0.39941203
    2717            81.8             375      0.37894326
    2718            81.8           379.5      0.35977256
    2719            81.8             384      0.34181115
    2720            81.8           388.5      0.32497553
    2721            81.8             393      0.30918746
    2722            81.8           397.5      0.29437391
    2723            81.8             402      0.28046682
    2724            81.8           406.5      0.26740294
    2725            81.8             411      0.25512355
    2726            81.8           415.5      0.24357417
    2727            81.8             420      0.23270434
    2728            86.1             -30     0.081972531
    2729            86.1           -25.5     0.085806726
    2730            86.1             -21      0.08994461
    2731            86.1           -16.5     0.094418803
    2732            86.1             -12     0.099266109
    2733            86.1            -7.5      0.10452811
    2734            86.1              -3      0.11025182
    2735            86.1             1.5       0.1164905
    2736            86.1               6      0.12330451
    2737            86.1            10.5      0.13076233
    2738            86.1              15      0.13894166
    2739            86.1            19.5      0.14793075
    2740            86.1              24      0.15782979
    2741            86.1            28.5      0.16875246
    2742            86.1              33      0.18082767
    2743            86.1            37.5      0.19420132
    2744            86.1              42      0.20903818
    2745            86.1            46.5      0.22552368
    2746            86.1              51      0.24386554
    2747            86.1            55.5      0.26429495
    2748            86.1              60      0.28706705
    2749            86.1            64.5      0.31246016
    2750            86.1              69      0.34077318
    2751            86.1            73.5      0.37232014
    2752            86.1              78      0.40742094
    2753            86.1            82.5       0.4463866
    2754            86.1              87      0.48949744
    2755            86.1            91.5      0.53697229
    2756            86.1              96      0.58892699
    2757            86.1           100.5      0.64532146
    2758            86.1             105      0.70589596
    2759            86.1           109.5       0.7701004
    2760            86.1             114      0.83702519
    2761            86.1           118.5      0.90534777
    2762            86.1             123      0.97331525
    2763            86.1           127.5       1.0387872
    2764            86.1             132         1.09936
    2765            86.1           136.5       1.1525838
    2766            86.1             141       1.1962564
    2767            86.1           145.5       1.2287546
    2768            86.1             150       1.2493321
    2769            86.1           154.5       1.2583102
    2770            86.1             159       1.2571042
    2771            86.1           163.5       1.2480726
    2772            86.1             168       1.2342246
    2773            86.1           172.5       1.2188539
    2774            86.1             177        1.205177
    2775            86.1           181.5       1.1960333
    2776            86.1             186       1.1936764
    2777            86.1           190.5       1.1996555
    2778            86.1             195       1.2147703
    2779            86.1           199.5       1.2390747
    2780            86.1             204       1.2719141
    2781            86.1           208.5       1.3119824
    2782            86.1             213       1.3574008
    2783            86.1           217.5       1.4058209
    2784            86.1             222       1.4545607
    2785            86.1           226.5       1.5007735
    2786            86.1             231       1.5416478
    2787            86.1           235.5       1.5746203
    2788            86.1             240       1.5975781
    2789            86.1           244.5       1.6090221
    2790            86.1             249       1.6081651
    2791            86.1           253.5       1.5949514
    2792            86.1             258        1.569996
    2793            86.1           262.5        1.534462
    2794            86.1             267       1.4898981
    2795            86.1           271.5       1.4380659
    2796            86.1             276       1.3807814
    2797            86.1           280.5       1.3197863
    2798            86.1             285       1.2566576
    2799            86.1           289.5       1.1927539
    2800            86.1             294       1.1291939
    2801            86.1           298.5       1.0668591
    2802            86.1             303       1.0064127
    2803            86.1           307.5      0.94832618
    2804            86.1             312       0.8929113
    2805            86.1           316.5      0.84035008
    2806            86.1             321      0.79072328
    2807            86.1           325.5      0.74403486
    2808            86.1             330      0.70023254
    2809            86.1           334.5      0.65922439
    2810            86.1             339      0.62089202
    2811            86.1           343.5      0.58510059
    2812            86.1             348      0.55170654
    2813            86.1           352.5       0.5205631
    2814            86.1             357      0.49152438
    2815            86.1           361.5      0.46444813
    2816            86.1             366      0.43919763
    2817            86.1           370.5      0.41564286
    2818            86.1             375      0.39366118
    2819            86.1           379.5      0.37313759
    2820            86.1             384      0.35396478
    2821            86.1           388.5      0.33604299
    2822            86.1             393      0.31927972
    2823            86.1           397.5      0.30358938
    2824            86.1             402      0.28889291
    2825            86.1           406.5      0.27511738
    2826            86.1             411      0.26219553
    2827            86.1           415.5      0.25006539
    2828            86.1             420      0.23866987
    2829            90.4             -30     0.082528311
    2830            90.4           -25.5     0.086436072
    2831            90.4             -21     0.090659777
    2832            90.4           -16.5     0.095234338
    2833            90.4             -12      0.10019932
    2834            90.4            -7.5      0.10559962
    2835            90.4              -3       0.1114863
    2836            90.4             1.5      0.11791747
    2837            90.4               6      0.12495939
    2838            90.4            10.5      0.13268774
    2839            90.4              15      0.14118896
    2840            90.4            19.5      0.15056198
    2841            90.4              24         0.16092
    2842            90.4            28.5      0.17239268
    2843            90.4              33      0.18512844
    2844            90.4            37.5      0.19929711
    2845            90.4              42       0.2150928
    2846            90.4            46.5      0.23273684
    2847            90.4              51      0.25248092
    2848            90.4            55.5      0.27460989
    2849            90.4              60      0.29944419
    2850            90.4            64.5       0.3273412
    2851            90.4              69      0.35869482
    2852            90.4            73.5      0.39393219
    2853            90.4              78      0.43350596
    2854            90.4            82.5      0.47787997
    2855            90.4              87      0.52750578
    2856            90.4            91.5      0.58278662
    2857            90.4              96      0.64402519
    2858            90.4           100.5       0.7113522
    2859            90.4             105      0.78463385
    2860            90.4           109.5      0.86336037
    2861            90.4             114      0.94652471
    2862            90.4           118.5       1.0325102
    2863            90.4             123       1.1190189
    2864            90.4           127.5        1.203084
    2865            90.4             132       1.2812126
    2866            90.4           136.5       1.3496898
    2867            90.4             141       1.4050405
    2868            90.4           145.5       1.4445826
    2869            90.4             150       1.4669524
    2870            90.4           154.5       1.4724554
    2871            90.4             159       1.4631303
    2872            90.4           163.5       1.4424953
    2873            90.4             168       1.4150486
    2874            90.4           172.5       1.3856592
    2875            90.4             177       1.3589929
    2876            90.4           181.5       1.3390727
    2877            90.4             186       1.3290075
    2878            90.4           190.5       1.3308718
    2879            90.4             195       1.3456908
    2880            90.4           199.5        1.373484
    2881            90.4             204       1.4133332
    2882            90.4           208.5       1.4634627
    2883            90.4             213       1.5213323
    2884            90.4           217.5       1.5837584
    2885            90.4             222       1.6470817
    2886            90.4           226.5       1.7073911
    2887            90.4             231       1.7608034
    2888            90.4           235.5       1.8037754
    2889            90.4             240       1.8334091
    2890            90.4           244.5       1.8477001
    2891            90.4             249       1.8456841
    2892            90.4           253.5       1.8274563
    2893            90.4             258       1.7940638
    2894            90.4           262.5       1.7473012
    2895            90.4             267       1.6894523
    2896            90.4           271.5       1.6230261
    2897            90.4             276       1.5505263
    2898            90.4           280.5       1.4742767
    2899            90.4             285       1.3963085
    2900            90.4           289.5       1.3183065
    2901            90.4             294       1.2416003
    2902            90.4           298.5       1.1671862
    2903            90.4             303       1.0957677
    2904            90.4           307.5       1.0278038
    2905            90.4             312      0.96355735
    2906            90.4           316.5      0.90313961
    2907            90.4             321      0.84654926
    2908            90.4           325.5      0.79370427
    2909            90.4             330      0.74446743
    2910            90.4           334.5      0.69866613
    2911            90.4             339      0.65610726
    2912            90.4           343.5      0.61658813
    2913            90.4             348      0.57990432
    2914            90.4           352.5      0.54585503
    2915            90.4             357      0.51424672
    2916            90.4           361.5      0.48489536
    2917            90.4             366      0.45762767
    2918            90.4           370.5      0.43228177
    2919            90.4             375      0.40870725
    2920            90.4           379.5      0.38676495
    2921            90.4             384      0.36632653
    2922            90.4           388.5      0.34727391
    2923            90.4             393      0.32949863
    2924            90.4           397.5      0.31290121
    2925            90.4             402      0.29739045
    2926            90.4           406.5      0.28288278
    2927            90.4             411      0.26930169
    2928            90.4           415.5      0.25657705
    2929            90.4             420      0.24464465
    2930            94.7             -30     0.083013595
    2931            94.7           -25.5     0.086988467
    2932            94.7             -21     0.091290938
    2933            94.7           -16.5     0.095958185
    2934            94.7             -12      0.10103251
    2935            94.7            -7.5      0.10656215
    2936            94.7              -3      0.11260219
    2937            94.7             1.5      0.11921569
    2938            94.7               6      0.12647497
    2939            94.7            10.5      0.13446307
    2940            94.7              15      0.14327555
    2941            94.7            19.5       0.1530225
    2942            94.7              24      0.16383093
    2943            94.7            28.5      0.17584756
    2944            94.7              33      0.18924191
    2945            94.7            37.5      0.20421002
    2946            94.7              42      0.22097848
    2947            94.7            46.5      0.23980905
    2948            94.7              51      0.26100357
    2949            94.7            55.5      0.28490921
    2950            94.7              60      0.31192364
    2951            94.7            64.5      0.34249972
    2952            94.7              69      0.37714877
    2953            94.7            73.5      0.41644138
    2954            94.7              78      0.46100364
    2955            94.7            82.5       0.5115061
    2956            94.7              87      0.56864164
    2957            94.7            91.5      0.63308686
    2958            94.7              96      0.70544072
    2959            94.7           100.5      0.78613291
    2960            94.7             105      0.87529542
    2961            94.7           109.5       0.9725943
    2962            94.7             114       1.0770273
    2963            94.7           118.5       1.1867091
    2964            94.7             123       1.2986904
    2965            94.7           127.5       1.4088836
    2966            94.7             132       1.5121892
    2967            94.7           136.5        1.602907
    2968            94.7             141       1.6754571
    2969            94.7           145.5       1.7253259
    2970            94.7             150        1.750018
    2971            94.7           154.5       1.7497249
    2972            94.7             159       1.7274678
    2973            94.7           163.5       1.6886493
    2974            94.7             168       1.6401601
    2975            94.7           172.5       1.5893278
    2976            94.7             177       1.5429861
    2977            94.7           181.5       1.5068336
    2978            94.7             186       1.4851101
    2979            94.7           190.5       1.4805229
    2980            94.7             195       1.4943175
    2981            94.7           199.5        1.526402
    2982            94.7             204       1.5754701
    2983            94.7           208.5       1.6391039
    2984            94.7             213       1.7138717
    2985            94.7           217.5       1.7954534
    2986            94.7             222       1.8788331
    2987            94.7           226.5       1.9585904
    2988            94.7             231       2.0292943
    2989            94.7           235.5       2.0859715
    2990            94.7             240       2.1245799
    2991            94.7           244.5       2.1424002
    2992            94.7             249       2.1382629
    2993            94.7           253.5       2.1125632
    2994            94.7             258       2.0670682
    2995            94.7           262.5       2.0045706
    2996            94.7             267       1.9284709
    2997            94.7           271.5       1.8423703
    2998            94.7             276       1.7497345
    2999            94.7           280.5       1.6536611
    3000            94.7             285       1.5567495
    3001            94.7           289.5       1.4610597
    3002            94.7             294       1.3681322
    3003            94.7           298.5       1.2790477
    3004            94.7             303        1.194502
    3005            94.7           307.5       1.1148854
    3006            94.7             312       1.0403556
    3007            94.7           316.5      0.97090044
    3008            94.7             321       0.9063894
    3009            94.7           325.5      0.84661377
    3010            94.7             330      0.79131712
    3011            94.7           334.5      0.74021773
    3012            94.7             339      0.69302449
    3013            94.7           343.5      0.64944797
    3014            94.7             348       0.6092076
    3015            94.7           352.5      0.57203629
    3016            94.7             357      0.53768303
    3017            94.7           361.5       0.5059141
    3018            94.7             366      0.47651338
    3019            94.7           370.5      0.44928205
    3020            94.7             375      0.42403785
    3021            94.7           379.5       0.4006142
    3022            94.7             384      0.37885909
    3023            94.7           388.5        0.358634
    3024            94.7             393      0.33981281
    3025            94.7           397.5      0.32228071
    3026            94.7             402      0.30593324
    3027            94.7           406.5      0.29067529
    3028            94.7             411       0.2764203
    3029            94.7           415.5      0.26308939
    3030            94.7             420       0.2506107
    3031              99             -30     0.083423967
    3032              99           -25.5     0.087458658
    3033              99             -21     0.091831839
    3034              99           -16.5     0.096582885
    3035              99             -12      0.10175678
    3036              99            -7.5      0.10740502
    3037              99              -3      0.11358671
    3038              99             1.5      0.12036986
    3039              99               6      0.12783282
    3040              99            10.5      0.13606616
    3041              99              15      0.14517472
    3042              99            19.5      0.15528014
    3043              99              24       0.1665238
    3044              99            28.5      0.17907036
    3045              99              33      0.19311181
    3046              99            37.5      0.20887237
    3047              99              42      0.22661408
    3048              99            46.5      0.24664335
    3049              99              51      0.26931832
    3050              99            55.5      0.29505727
    3051              99              60      0.32434763
    3052              99            64.5      0.35775543
    3053              99              69      0.39593443
    3054              99            73.5      0.43963369
    3055              99              78      0.48970135
    3056              99            82.5      0.54708158
    3057              99              87      0.61279926
    3058              99            91.5      0.68792515
    3059              99              96      0.77351083
    3060              99           100.5      0.87048024
    3061              99             105      0.97946176
    3062              99           109.5       1.1005466
    3063              99             114        1.232968
    3064              99           118.5        1.374717
    3065              99             123       1.5221529
    3066              99           127.5       1.6697243
    3067              99             132       1.8117966
    3068              99           136.5       1.9340708
    3069              99             141        2.031369
    3070              99           145.5       2.0961191
    3071              99             150       2.1238353
    3072              99           154.5       2.1144034
    3073              99             159       2.0723902
    3074              99           163.5       2.0062237
    3075              99             168       1.9265629
    3076              99           172.5       1.8411417
    3077              99             177       1.7650129
    3078              99           181.5       1.7045663
    3079              99             186       1.6654678
    3080              99           190.5       1.6511021
    3081              99             195       1.6628441
    3082              99           199.5       1.7003392
    3083              99             204       1.7617101
    3084              99           208.5       1.8436772
    3085              99             213       1.9416283
    3086              99           217.5       2.0497112
    3087              99             222       2.1610264
    3088              99           226.5       2.2679907
    3089              99             231       2.3628981
    3090              99           235.5       2.4386378
    3091              99             240       2.4894546
    3092              99           244.5        2.511591
    3093              99             249       2.5036529
    3094              99           253.5       2.4666098
    3095              99             258       2.4034424
    3096              99           262.5       2.3185445
    3097              99             267       2.2170333
    3098              99           271.5        2.104115
    3099              99             276       1.9845991
    3100              99           280.5       1.8625989
    3101              99             285       1.7414007
    3102              99           289.5       1.6234646
    3103              99             294       1.5105053
    3104              99           298.5       1.4036138
    3105              99             303       1.3033894
    3106              99           307.5       1.2100625
    3107              99             312       1.1236002
    3108              99           316.5       1.0437911
    3109              99             321      0.97031096
    3110              99           325.5      0.90277073
    3111              99             330      0.84075098
    3112              99           334.5      0.78382559
    3113              99             339      0.73157739
    3114              99           343.5      0.68360782
    3115              99             348      0.63954261
    3116              99           352.5      0.59903449
    3117              99             357        0.561764
    3118              99           361.5      0.52743912
    3119              99             366      0.49579406
    3120              99           370.5      0.46658767
    3121              99             375       0.4396016
    3122              99           379.5      0.41463843
    3123              99             384      0.39151977
    3124              99           388.5      0.37008452
    3125              99             393      0.35018711
    3126              99           397.5      0.33169607
    3127              99             402      0.31449249
    3128              99           406.5      0.29846885
    3129              99             411      0.28352779
    3130              99           415.5      0.26958108
    3131              99             420      0.25654873
    3132           103.3             -30     0.083755342
    3133           103.3           -25.5     0.087841753
    3134           103.3             -21     0.092276606
    3135           103.3           -16.5      0.09710137
    3136           103.3             -12       0.1023636
    3137           103.3            -7.5      0.10811795
    3138           103.3              -3      0.11442744
    3139           103.3             1.5      0.12136489
    3140           103.3               6      0.12901467
    3141           103.3            10.5       0.1374748
    3142           103.3              15      0.14685946
    3143           103.3            19.5      0.15730197
    3144           103.3              24      0.16895842
    3145           103.3            28.5        0.182012
    3146           103.3              33      0.19667817
    3147           103.3            37.5      0.21321093
    3148           103.3              42      0.23191024
    3149           103.3            46.5       0.2531309
    3150           103.3              51      0.27729306
    3151           103.3            55.5      0.30489452
    3152           103.3              60      0.33652492
    3153           103.3            64.5      0.37288178
    3154           103.3              69      0.41478802
    3155           103.3            73.5       0.4632099
    3156           103.3              78      0.51927366
    3157           103.3            82.5      0.58427716
    3158           103.3              87      0.65969082
    3159           103.3            91.5      0.74713786
    3160           103.3              96      0.84833913
    3161           103.3           100.5      0.96500029
    3162           103.3             105       1.0986116
    3163           103.3           109.5       1.2501243
    3164           103.3             114       1.4194708
    3165           103.3           118.5       1.6049172
    3166           103.3             123        1.803952
    3167           103.3           127.5       2.0028587
    3168           103.3             132       2.1953879
    3169           103.3           136.5       2.3679745
    3170           103.3             141       2.5057391
    3171           103.3           145.5        2.595316
    3172           103.3             150       2.6282264
    3173           103.3           154.5       2.6035404
    3174           103.3             159       2.5285906
    3175           103.3           163.5       2.4173377
    3176           103.3             168        2.287145
    3177           103.3           172.5       2.1553391
    3178           103.3             177       2.0366969
    3179           103.3           181.5       1.9386218
    3180           103.3             186       1.8739326
    3181           103.3           190.5       1.8451244
    3182           103.3             195       1.8534233
    3183           103.3           199.5       1.8979281
    3184           103.3             204        1.975935
    3185           103.3           208.5       2.0830427
    3186           103.3             213       2.2131241
    3187           103.3           217.5       2.3582976
    3188           103.3             222       2.5090532
    3189           103.3           226.5       2.6546758
    3190           103.3             231       2.7840445
    3191           103.3           235.5       2.8867632
    3192           103.3             240        2.954428
    3193           103.3           244.5       2.9817239
    3194           103.3             249       2.9670412
    3195           103.3           253.5       2.9124363
    3196           103.3             258       2.8229705
    3197           103.3           262.5       2.7056482
    3198           103.3             267       2.5682583
    3199           103.3           271.5       2.4183767
    3200           103.3             276       2.2626769
    3201           103.3           280.5       2.1065716
    3202           103.3             285       1.9541297
    3203           103.3           289.5       1.8081762
    3204           103.3             294       1.6704887
    3205           103.3           298.5       1.5420234
    3206           103.3             303       1.4231301
    3207           103.3           307.5       1.3137363
    3208           103.3             312        1.213493
    3209           103.3           316.5       1.1218839
    3210           103.3             321       1.0383046
    3211           103.3           325.5      0.96211648
    3212           103.3             330      0.89268253
    3213           103.3           334.5      0.82938957
    3214           103.3             339      0.77166108
    3215           103.3           343.5      0.71896374
    3216           103.3             348      0.67080965
    3217           103.3           352.5      0.62675597
    3218           103.3             357      0.58640291
    3219           103.3           361.5       0.5493909
    3220           103.3             366       0.5153973
    3221           103.3           370.5      0.48413303
    3222           103.3             375      0.45533924
    3223           103.3           379.5      0.42878423
    3224           103.3             384      0.40426053
    3225           103.3           388.5      0.38158224
    3226           103.3             393      0.36058271
    3227           103.3           397.5      0.34111237
    3228           103.3             402      0.32303684
    3229           103.3           406.5      0.30623527
    3230           103.3             411       0.2905988
    3231           103.3           415.5      0.27602931
    3232           103.3             420      0.26243818
    3233           107.6             -30     0.084004054
    3234           107.6           -25.5     0.088133314
    3235           107.6             -21     0.092619861
    3236           107.6           -16.5     0.097507114
    3237           107.6             -12      0.10284503
    3238           107.6            -7.5      0.10869127
    3239           107.6              -3      0.11511256
    3240           107.6             1.5      0.12218635
    3241           107.6               6       0.1300028
    3242           107.6            10.5      0.13866724
    3243           107.6              15      0.14830299
    3244           107.6            19.5      0.15905498
    3245           107.6              24      0.17109403
    3246           107.6            28.5      0.18462207
    3247           107.6              33      0.19987857
    3248           107.6            37.5       0.2171483
    3249           107.6              42      0.23677091
    3250           107.6            46.5       0.2591526
    3251           107.6              51      0.28478023
    3252           107.6            55.5      0.31423857
    3253           107.6              60      0.34823104
    3254           107.6            64.5      0.38760435
    3255           107.6              69      0.43337754
    3256           107.6            73.5      0.48677491
    3257           107.6              78      0.54926214
    3258           107.6            82.5      0.62258257
    3259           107.6              87      0.70878816
    3260           107.6            91.5      0.81025424
    3261           107.6              96      0.92965925
    3262           107.6           100.5       1.0698979
    3263           107.6             105       1.2338792
    3264           107.6           109.5       1.4241378
    3265           107.6             114       1.6421728
    3266           107.6           118.5       1.8875246
    3267           107.6             123       2.1515936
    3268           107.6           127.5       2.4290762
    3269           107.6             132       2.7048513
    3270           107.6           136.5       2.9575659
    3271           107.6             141       3.1618455
    3272           107.6           145.5       3.2933108
    3273           107.6             150       3.3353994
    3274           107.6           154.5       3.2852073
    3275           107.6             159       3.1552134
    3276           107.6           163.5        2.969786
    3277           107.6             168       2.7583883
    3278           107.6           172.5       2.5488704
    3279           107.6             177       2.3632743
    3280           107.6           181.5       2.2165821
    3281           107.6             186       2.1145414
    3282           107.6           190.5       2.0648822
    3283           107.6             195       2.0679485
    3284           107.6           199.5       2.1217879
    3285           107.6             204       2.2225326
    3286           107.6           208.5       2.3644027
    3287           107.6             213       2.5394287
    3288           107.6           217.5       2.7371241
    3289           107.6             222       2.9443874
    3290           107.6           226.5       3.1459168
    3291           107.6             231       3.3253415
    3292           107.6           235.5       3.4670499
    3293           107.6             240       3.5636329
    3294           107.6           244.5       3.5915995
    3295           107.6             249       3.5649569
    3296           107.6           253.5       3.4825796
    3297           107.6             258       3.3531718
    3298           107.6           262.5       3.1880784
    3299           107.6             267       2.9992951
    3300           107.6           271.5       2.7979004
    3301           107.6             276       2.5931106
    3302           107.6           280.5       2.3919256
    3303           107.6             285        2.199202
    3304           107.6           289.5       2.0179657
    3305           107.6             294       1.8498128
    3306           107.6           298.5       1.6953005
    3307           107.6             303       1.5542812
    3308           107.6           307.5       1.4261635
    3309           107.6             312        1.310103
    3310           107.6           316.5       1.2051352
    3311           107.6             321       1.1102629
    3312           107.6           325.5       1.0245111
    3313           107.6             330      0.94695899
    3314           107.6           334.5      0.87675572
    3315           107.6             339      0.81312734
    3316           107.6           343.5      0.75537685
    3317           107.6             348      0.70288088
    3318           107.6           352.5      0.65508443
    3319           107.6             357      0.61149479
    3320           107.6           361.5      0.57167519
    3321           107.6             366      0.53523877
    3322           107.6           370.5      0.50184282
    3323           107.6             375      0.47118361
    3324           107.6           379.5      0.44299175
    3325           107.6             384        0.417028
    3326           107.6           388.5      0.39307962
    3327           107.6             393       0.3709572
    3328           107.6           397.5      0.35049179
    3329           107.6             402      0.33153251
    3330           107.6           406.5      0.31394435
    3331           107.6             411      0.29760634
    3332           107.6           415.5      0.28240988
    3333           107.6             420      0.26825737
    3334           111.9             -30     0.084166933
    3335           111.9           -25.5     0.088329464
    3336           111.9             -21     0.092856854
    3337           111.9           -16.5     0.097794285
    3338           111.9             -12      0.10319392
    3339           111.9            -7.5      0.10911616
    3340           111.9              -3      0.11563118
    3341           111.9             1.5      0.12282076
    3342           111.9               6      0.13078054
    3343           111.9            10.5      0.13962274
    3344           111.9              15      0.14947951
    3345           111.9            19.5      0.16050699
    3346           111.9              24      0.17289039
    3347           111.9            28.5      0.18685015
    3348           111.9              33      0.20264965
    3349           111.9            37.5      0.22060475
    3350           111.9              42      0.24109564
    3351           111.9            46.5      0.26458165
    3352           111.9              51      0.29161966
    3353           111.9            55.5      0.32288714
    3354           111.9              60      0.35921083
    3355           111.9            64.5      0.40160227
    3356           111.9              69      0.45130168
    3357           111.9            73.5      0.50983138
    3358           111.9              78      0.57905959
    3359           111.9            82.5      0.66127414
    3360           111.9              87      0.75926296
    3361           111.9            91.5      0.87639242
    3362           111.9              96       1.0166643
    3363           111.9           100.5       1.1847134
    3364           111.9             105       1.3856774
    3365           111.9           109.5       1.6248222
    3366           111.9             114       1.9062293
    3367           111.9           118.5       2.2278626
    3368           111.9             123       2.5911994
    3369           111.9           127.5       2.9865769
    3370           111.9             132       3.3934182
    3371           111.9           136.5        3.778238
    3372           111.9             141       4.0968072
    3373           111.9           145.5       4.3028972
    3374           111.9             150       4.3626681
    3375           111.9           154.5       4.2683721
    3376           111.9             159       4.0428285
    3377           111.9           163.5       3.7313188
    3378           111.9             168       3.3862406
    3379           111.9           172.5       3.0534578
    3380           111.9             177       2.7655732
    3381           111.9           181.5       2.5417175
    3382           111.9             186       2.3907168
    3383           111.9           190.5       2.3120497
    3384           111.9             195       2.3077258
    3385           111.9           199.5       2.3743037
    3386           111.9             204       2.5063557
    3387           111.9           208.5       2.6965808
    3388           111.9             213       2.9349922
    3389           111.9           217.5        3.207948
    3390           111.9             222       3.4997572
    3391           111.9           226.5       3.7805004
    3392           111.9             231       4.0314844
    3393           111.9           235.5       4.2289514
    3394           111.9             240       4.3534721
    3395           111.9           244.5       4.3935264
    3396           111.9             249       4.3474823
    3397           111.9           253.5       4.2232085
    3398           111.9             258       4.0355647
    3399           111.9           262.5       3.7961047
    3400           111.9             267       3.5326073
    3401           111.9           271.5       3.2586485
    3402           111.9             276       2.9868001
    3403           111.9           280.5       2.7258244
    3404           111.9             285       2.4811424
    3405           111.9           289.5        2.255562
    3406           111.9             294       2.0500233
    3407           111.9           298.5       1.8642355
    3408           111.9             303       1.6971661
    3409           111.9           307.5       1.5473895
    3410           111.9             312       1.4133188
    3411           111.9           316.5       1.2933522
    3412           111.9             321       1.1859579
    3413           111.9           325.5       1.0897186
    3414           111.9             330       1.0033513
    3415           111.9           334.5      0.92570991
    3416           111.9             339      0.85578046
    3417           111.9           343.5      0.79267083
    3418           111.9             348      0.73559888
    3419           111.9           352.5      0.68388016
    3420           111.9             357      0.63691603
    3421           111.9           361.5      0.59418287
    3422           111.9             366       0.5552222
    3423           111.9           370.5      0.51963215
    3424           111.9             375      0.48705983
    3425           111.9           379.5      0.45719489
    3426           111.9             384      0.42976379
    3427           111.9           388.5      0.40452501
    3428           111.9             393      0.38126483
    3429           111.9           397.5      0.35979377
    3430           111.9             402      0.33994347
    3431           111.9           406.5      0.32156407
    3432           111.9             411      0.30452187
    3433           111.9           415.5      0.28869738
    3434           111.9             420      0.27398361
    3435           116.2             -30     0.084241391
    3436           116.2           -25.5     0.088426985
    3437           116.2             -21      0.09298358
    3438           116.2           -16.5     0.097957901
    3439           116.2             -12      0.10340405
    3440           116.2            -7.5      0.10938486
    3441           116.2              -3      0.11597361
    3442           116.2             1.5        0.123256
    3443           116.2               6      0.13133266
    3444           116.2            10.5       0.1403222
    3445           116.2              15      0.15036494
    3446           116.2            19.5      0.16162758
    3447           116.2              24      0.17430897
    3448           116.2            28.5      0.18864729
    3449           116.2              33       0.2049291
    3450           116.2            37.5       0.2235007
    3451           116.2              42      0.24478249
    3452           116.2            46.5      0.26928717
    3453           116.2              51      0.29764294
    3454           116.2            55.5      0.33062314
    3455           116.2              60      0.36918411
    3456           116.2            64.5      0.41451388
    3457           116.2              69      0.46809435
    3458           116.2            73.5      0.53178089
    3459           116.2              78      0.60790331
    3460           116.2            82.5      0.69939234
    3461           116.2              87      0.80993455
    3462           116.2            91.5       0.9441545
    3463           116.2              96       1.1078127
    3464           116.2           100.5       1.3079863
    3465           116.2             105       1.5531561
    3466           116.2           109.5       1.8530344
    3467           116.2             114       2.2117198
    3468           116.2           118.5        2.642023
    3469           116.2             123       3.1477579
    3470           116.2           127.5       3.7222915
    3471           116.2             132       4.3405767
    3472           116.2           136.5       4.9514333
    3473           116.2             141       5.4764188
    3474           116.2           145.5       5.8238763
    3475           116.2             150        5.920468
    3476           116.2           154.5       5.7459532
    3477           116.2             159        5.345881
    3478           116.2           163.5       4.8109002
    3479           116.2             168       4.2392028
    3480           116.2           172.5       3.7077435
    3481           116.2             177       3.2630337
    3482           116.2           181.5       2.9260612
    3483           116.2             186       2.7017562
    3484           116.2           190.5       2.5870973
    3485           116.2             195       2.5730266
    3486           116.2           199.5       2.6573015
    3487           116.2             204       2.8325842
    3488           116.2           208.5       3.0902777
    3489           116.2             213       3.4205812
    3490           116.2           217.5       3.7974233
    3491           116.2             222       4.2029578
    3492           116.2           226.5        4.605561
    3493           116.2             231       4.9678858
    3494           116.2           235.5       5.2518086
    3495           116.2             240       5.4256439
    3496           116.2           244.5       5.4712148
    3497           116.2             249       5.3877469
    3498           116.2           253.5       5.1908204
    3499           116.2             258       4.9070729
    3500           116.2           262.5        4.567208
    3501           116.2             267       4.1999798
    3502           116.2           271.5       3.8203666
    3503           116.2             276       3.4564206
    3504           116.2           280.5       3.1160305
    3505           116.2             285       2.8044534
    3506           116.2           289.5       2.5233897
    3507           116.2             294       2.2722699
    3508           116.2           298.5       2.0492263
    3509           116.2             303       1.8517609
    3510           116.2           307.5       1.6771704
    3511           116.2             312       1.5227963
    3512           116.2           316.5       1.3861593
    3513           116.2             321       1.2650194
    3514           116.2           325.5        1.157393
    3515           116.2             330       1.0615458
    3516           116.2           334.5       0.9759729
    3517           116.2             339      0.89937454
    3518           116.2           343.5      0.83063052
    3519           116.2             348      0.76877608
    3520           116.2           352.5      0.71297985
    3521           116.2             357      0.66252458
    3522           116.2           361.5      0.61679027
    3523           116.2             366      0.57523985
    3524           116.2           370.5        0.537407
    3525           116.2             375      0.50288573
    3526           116.2           379.5      0.47132169
    3527           116.2             384      0.44240479
    3528           116.2           388.5      0.41586294
    3529           116.2             393      0.39145679
    3530           116.2           397.5      0.36897524
    3531           116.2             402       0.3482317
    3532           116.2           406.5      0.32906077
    3533           116.2             411      0.31131556
    3534           116.2           415.5       0.2948653
    3535           116.2             420      0.27959333
    3536           120.5             -30     0.084225492
    3537           120.5           -25.5      0.08842341
    3538           120.5             -21     0.092996905
    3539           120.5           -16.5     0.097993978
    3540           120.5             -12      0.10347035
    3541           120.5            -7.5      0.10949096
    3542           120.5              -3       0.1161317
    3543           120.5             1.5       0.1234817
    3544           120.5               6      0.13164596
    3545           120.5            10.5      0.14074875
    3546           120.5              15      0.15093772
    3547           120.5            19.5      0.16238912
    3548           120.5              24      0.17531427
    3549           120.5            28.5      0.18996775
    3550           120.5              33       0.2066578
    3551           120.5            37.5       0.2257595
    3552           120.5              42      0.24773172
    3553           120.5            46.5      0.27313891
    3554           120.5              51      0.30267938
    3555           120.5            55.5      0.33722207
    3556           120.5              60      0.37785478
    3557           120.5            64.5      0.42594755
    3558           120.5              69       0.4832366
    3559           120.5            73.5      0.55193548
    3560           120.5              78      0.63488277
    3561           120.5            82.5      0.73573797
    3562           120.5              87      0.85923975
    3563           120.5            91.5       1.0115418
    3564           120.5              96       1.2006384
    3565           120.5           100.5       1.4368752
    3566           120.5             105       1.7349669
    3567           120.5           109.5       2.1024751
    3568           120.5             114       2.5639339
    3569           120.5           118.5       3.1400763
    3570           120.5             123       3.8492042
    3571           120.5           127.5       4.6980031
    3572           120.5             132        5.665023
    3573           120.5           136.5        6.678093
    3574           120.5             141       7.5976906
    3575           120.5           145.5         8.23301
    3576           120.5             150       8.4126875
    3577           120.5           154.5       8.0815058
    3578           120.5             159        7.340674
    3579           120.5           163.5       6.3884556
    3580           120.5             168       5.4193523
    3581           120.5           172.5       4.5625946
    3582           120.5             177       3.8774983
    3583           120.5           181.5       3.3768465
    3584           120.5             186       3.0513113
    3585           120.5           190.5       2.8851354
    3586           120.5             195       2.8635932
    3587           120.5           199.5       2.9716043
    3588           120.5             204       3.2064127
    3589           120.5           208.5       3.5575957
    3590           120.5             213        4.007154
    3591           120.5           217.5       4.5403208
    3592           120.5             222       5.1255915
    3593           120.5           226.5        5.716791
    3594           120.5             231       6.2547562
    3595           120.5           235.5       6.6755912
    3596           120.5             240       6.9247601
    3597           120.5           244.5       6.9719121
    3598           120.5             249         6.81907
    3599           120.5           253.5       6.4977793
    3600           120.5             258       6.0572836
    3601           120.5           262.5       5.5502731
    3602           120.5             267       5.0221625
    3603           120.5           271.5       4.5061315
    3604           120.5             276       4.0161058
    3605           120.5           280.5       3.5703912
    3606           120.5             285       3.1731213
    3607           120.5           289.5        2.823172
    3608           120.5             294       2.5170147
    3609           120.5           298.5       2.2500774
    3610           120.5             303       2.0175619
    3611           120.5           307.5       1.8148887
    3612           120.5             312       1.6379066
    3613           120.5           316.5       1.4829659
    3614           120.5             321       1.3469163
    3615           120.5           325.5       1.2270681
    3616           120.5             330       1.1211388
    3617           120.5           334.5       1.0271978
    3618           120.5             339      0.94361262
    3619           120.5           343.5      0.86900201
    3620           120.5             348      0.80219527
    3621           120.5           352.5      0.74219751
    3622           120.5             357      0.68816078
    3623           120.5           361.5      0.63936004
    3624           120.5             366      0.59517326
    3625           120.5           370.5      0.55506493
    3626           120.5             375      0.51857247
    3627           120.5           379.5      0.48529494
    3628           120.5             384       0.4548837
    3629           120.5           388.5      0.42703463
    3630           120.5             393      0.40148159
    3631           120.5           397.5      0.37799104
    3632           120.5             402      0.35635744
    3633           120.5           406.5      0.33639941
    3634           120.5             411      0.31795647
    3635           120.5           415.5      0.30088628
    3636           120.5             420      0.28506227
    3637           124.8             -30      0.08411802
    3638           124.8           -25.5      0.08831711
    3639           124.8             -21     0.092894663
    3640           124.8           -16.5     0.097899663
    3641           124.8             -12      0.10338911
    3642           124.8            -7.5      0.10942956
    3643           124.8              -3      0.11609909
    3644           124.8             1.5      0.12348958
    3645           124.8               6      0.13170968
    3646           124.8            10.5       0.1408884
    3647           124.8              15      0.15117964
    3648           124.8            19.5      0.16276786
    3649           124.8              24      0.17587525
    3650           124.8            28.5      0.19077088
    3651           124.8              33      0.20778231
    3652           124.8            37.5      0.22731065
    3653           124.8              42         0.24985
    3654           124.8            46.5      0.27601283
    3655           124.8              51      0.30656338
    3656           124.8            55.5      0.34246185
    3657           124.8              60      0.38492349
    3658           124.8            64.5      0.43549798
    3659           124.8              69       0.4961772
    3660           124.8            73.5      0.56954243
    3661           124.8              78      0.65896706
    3662           124.8            82.5      0.76889735
    3663           124.8              87      0.90524316
    3664           124.8            91.5       1.0759223
    3665           124.8              96       1.2916159
    3666           124.8           100.5       1.5668024
    3667           124.8             105       1.9192598
    3668           124.8           109.5       2.3709067
    3669           124.8             114       2.9589482
    3670           124.8           118.5       3.7260009
    3671           124.8             123       4.7211254
    3672           124.8           127.5       5.9888536
    3673           124.8             132       7.5404352
    3674           124.8           136.5       9.2979655
    3675           124.8             141       11.022648
    3676           124.8           145.5        12.29808
    3677           124.8             150       12.684079
    3678           124.8           154.5        12.01547
    3679           124.8             159       10.549281
    3680           124.8           163.5       8.7673442
    3681           124.8             168       7.0756609
    3682           124.8           172.5       5.6800345
    3683           124.8             177       4.6295133
    3684           124.8           181.5       3.8974301
    3685           124.8             186       3.4367003
    3686           124.8           190.5       3.2048862
    3687           124.8             195       3.1716463
    3688           124.8           199.5       3.3164832
    3689           124.8             204       3.6310416
    3690           124.8           208.5       4.1045837
    3691           124.8             213       4.7329956
    3692           124.8           217.5       5.4974862
    3693           124.8             222       6.3593835
    3694           124.8           226.5       7.2517465
    3695           124.8             231       8.0782779
    3696           124.8           235.5       8.7264639
    3697           124.8             240       9.0962321
    3698           124.8           244.5       9.1332526
    3699           124.8             249       8.8475679
    3700           124.8           253.5       8.3055227
    3701           124.8             258       7.6015849
    3702           124.8           262.5       6.8280925
    3703           124.8             267       6.0564883
    3704           124.8           271.5       5.3322368
    3705           124.8             276       4.6784823
    3706           124.8           280.5       4.0958545
    3707           124.8             285       3.5898277
    3708           124.8           289.5       3.1553699
    3709           124.8             294        2.783662
    3710           124.8           298.5        2.465767
    3711           124.8             303       2.1934446
    3712           124.8           307.5       1.9594702
    3713           124.8             312       1.7576889
    3714           124.8           316.5        1.582942
    3715           124.8             321       1.4309446
    3716           124.8           325.5       1.2981522
    3717           124.8             330       1.1816355
    3718           124.8           334.5       1.0789709
    3719           124.8             339      0.98814828
    3720           124.8           343.5      0.90749456
    3721           124.8             348      0.83561163
    3722           124.8           352.5      0.77132615
    3723           124.8             357      0.71364899
    3724           124.8           361.5      0.66174257
    3725           124.8             366      0.61489447
    3726           124.8           370.5      0.57249612
    3727           124.8             375      0.53402548
    3728           124.8           379.5      0.49903291
    3729           124.8             384       0.4671297
    3730           124.8           388.5      0.43797849
    3731           124.8             393      0.41128555
    3732           124.8           397.5      0.38679423
    3733           124.8             402       0.3642796
    3734           124.8           406.5      0.34354391
    3735           124.8             411      0.32441284
    3736           124.8           415.5      0.30673229
    3737           124.8             420      0.29036567
    3738           129.1             -30      0.08391853
    3739           129.1           -25.5     0.088107358
    3740           129.1             -21     0.092675755
    3741           129.1           -16.5     0.097673359
    3742           129.1             -12      0.10315804
    3743           129.1            -7.5      0.10919755
    3744           129.1              -3      0.11587149
    3745           129.1             1.5      0.12327383
    3746           129.1               6      0.13151599
    3747           129.1            10.5      0.14073064
    3748           129.1              15      0.15107661
    3749           129.1            19.5      0.16274495
    3750           129.1              24      0.17596671
    3751           129.1            28.5      0.19102291
    3752           129.1              33      0.20825733
    3753           129.1            37.5      0.22809323
    3754           129.1              42      0.25105509
    3755           129.1            46.5      0.27779741
    3756           129.1              51      0.30914299
    3757           129.1            55.5       0.3461344
    3758           129.1              60      0.39010368
    3759           129.1            64.5      0.44276801
    3760           129.1              69       0.5063621
    3761           129.1            73.5      0.58382363
    3762           129.1              78       0.6790561
    3763           129.1            82.5      0.79730562
    3764           129.1              87      0.94570756
    3765           129.1            91.5       1.1340885
    3766           129.1              96       1.3761536
    3767           129.1           100.5       1.6926065
    3768           129.1             105       2.1014698
    3769           129.1           109.5       2.6467204
    3770           129.1             114       3.3834633
    3771           129.1           118.5        4.390091
    3772           129.1             123       5.7741465
    3773           129.1           127.5       7.6697633
    3774           129.1             132       10.204472
    3775           129.1           136.5       13.388513
    3776           129.1             141        16.88026
    3777           129.1           145.5       19.745488
    3778           129.1             150       20.711789
    3779           129.1           154.5       19.212134
    3780           129.1             159       16.019357
    3781           129.1           163.5       12.462116
    3782           129.1             168       9.4111095
    3783           129.1           172.5        7.122248
    3784           129.1             177       5.5291824
    3785           129.1           181.5       4.4824825
    3786           129.1             186       3.8497326
    3787           129.1           190.5        3.538861
    3788           129.1             195       3.4946913
    3789           129.1           199.5        3.689379
    3790           129.1             204       4.1037712
    3791           129.1           208.5       4.7513828
    3792           129.1             213       5.6342663
    3793           129.1           217.5       6.7441704
    3794           129.1             222        8.041269
    3795           129.1           226.5       9.4320247
    3796           129.1             231        10.75637
    3797           129.1           235.5       11.805095
    3798           129.1             240       12.380095
    3799           129.1           244.5       12.375409
    3800           129.1             249       11.823893
    3801           129.1           253.5       10.872786
    3802           129.1             258       9.7112409
    3803           129.1           262.5       8.5036989
    3804           129.1             267        7.359672
    3805           129.1           271.5        6.335277
    3806           129.1             276       5.4486385
    3807           129.1           280.5       4.6959827
    3808           129.1             285       4.0548014
    3809           129.1           289.5       3.5184572
    3810           129.1             294       3.0701265
    3811           129.1           298.5        2.694202
    3812           129.1             303       2.3775312
    3813           129.1           307.5       2.1093177
    3814           129.1             312       1.8808204
    3815           129.1           316.5       1.6850062
    3816           129.1             321       1.5162251
    3817           129.1           325.5        1.369931
    3818           129.1             330       1.2424537
    3819           129.1           334.5        1.130816
    3820           129.1             339       1.0325901
    3821           129.1           343.5      0.94578454
    3822           129.1             348      0.86875603
    3823           129.1           352.5      0.80014072
    3824           129.1             357      0.73879999
    3825           129.1           361.5      0.68377792
    3826           129.1             366      0.63426766
    3827           129.1           370.5      0.58958472
    3828           129.1             375      0.54914552
    3829           129.1           379.5       0.5124503
    3830           129.1             384      0.47906915
    3831           129.1           388.5       0.4486308
    3832           129.1             393      0.42081334
    3833           129.1           397.5      0.39533664
    3834           129.1             402      0.37195609
    3835           129.1           406.5      0.35045743
    3836           129.1             411      0.33065236
    3837           129.1           415.5      0.31237492
    3838           129.1             420      0.29547847
    3839           133.4             -30     0.083627397
    3840           133.4           -25.5     0.087794392
    3841           133.4             -21     0.092340216
    3842           133.4           -16.5     0.097314813
    3843           133.4             -12      0.10277651
    3844           133.4            -7.5      0.10879369
    3845           133.4              -3       0.1154469
    3846           133.4             1.5      0.12283138
    3847           133.4               6      0.13106034
    3848           133.4            10.5      0.14026894
    3849           133.4              15      0.15061939
    3850           133.4            19.5      0.16230744
    3851           133.4              24       0.1755706
    3852           133.4            28.5      0.19069881
    3853           133.4              33      0.20804821
    3854           133.4            37.5      0.22805924
    3855           133.4              42      0.25128044
    3856           133.4            46.5      0.27840015
    3857           133.4              51      0.31028917
    3858           133.4            55.5       0.3480587
    3859           133.4              60      0.39313995
    3860           133.4            64.5      0.44739481
    3861           133.4              69      0.51327183
    3862           133.4            73.5      0.59402893
    3863           133.4              78      0.69405646
    3864           133.4            82.5      0.81935303
    3865           133.4              87       0.9782388
    3866           133.4            91.5        1.182444
    3867           133.4              96       1.4488017
    3868           133.4           100.5       1.8011103
    3869           133.4             105       2.2692093
    3870           133.4           109.5       2.9113432
    3871           133.4             114        3.810813
    3872           133.4           118.5       5.0983781
    3873           133.4             123       6.9800687
    3874           133.4           127.5       9.7732251
    3875           133.4             132        13.92439
    3876           133.4           136.5       19.892087
    3877           133.4             141       27.571048
    3878           133.4           145.5       34.985508
    3879           133.4             150       37.915587
    3880           133.4           154.5       33.928012
    3881           133.4             159       25.976764
    3882           133.4           163.5       18.308199
    3883           133.4             168       12.653071
    3884           133.4           172.5       8.9198996
    3885           133.4             177        6.561841
    3886           133.4           181.5       5.1145911
    3887           133.4             186       4.2776872
    3888           133.4           190.5       3.8778084
    3889           133.4             195       3.8265136
    3890           133.4           199.5       4.0764252
    3891           133.4             204       4.6289577
    3892           133.4           208.5       5.5091097
    3893           133.4             213        6.750963
    3894           133.4           217.5       8.3790743
    3895           133.4             222       10.375399
    3896           133.4           226.5       12.624131
    3897           133.4             231       14.858749
    3898           133.4           235.5       16.667431
    3899           133.4             240       17.620994
    3900           133.4           244.5       17.489445
    3901           133.4             249       16.373886
    3902           133.4           253.5       14.625175
    3903           133.4             258       12.640133
    3904           133.4           262.5       10.711874
    3905           133.4             267       8.9952635
    3906           133.4           271.5       7.5407354
    3907           133.4             276       6.3404332
    3908           133.4           280.5       5.3618938
    3909           133.4             285       4.5667835
    3910           133.4           289.5       3.9080833
    3911           133.4             294       3.3723974
    3912           133.4           298.5       2.9320067
    3913           133.4             303       2.5670986
    3914           133.4           307.5       2.2622775
    3915           133.4             312       2.0056113
    3916           133.4           316.5       1.7878338
    3917           133.4             321       1.6017154
    3918           133.4           325.5       1.4415794
    3919           133.4             330       1.3029356
    3920           133.4           334.5       1.1822043
    3921           133.4             339       1.0765094
    3922           133.4           343.5      0.98352159
    3923           133.4             348      0.90133998
    3924           133.4           352.5      0.82840197
    3925           133.4             357      0.76341403
    3926           133.4           361.5      0.70529833
    3927           133.4             366      0.65315118
    3928           133.4           370.5      0.60621048
    3929           133.4             375      0.56383007
    3930           133.4           379.5      0.52545928
    3931           133.4             384      0.49062659
    3932           133.4           388.5      0.45892645
    3933           133.4             393       0.4300086
    3934           133.4           397.5      0.40356933
    3935           133.4             402      0.37934433
    3936           133.4           406.5      0.35710279
    3937           133.4             411      0.33664246
    3938           133.4           415.5      0.31778562
    3939           133.4             420      0.30037557
    3940           137.7             -30     0.083245832
    3941           137.7           -25.5     0.087379444
    3942           137.7             -21     0.091889268
    3943           137.7           -16.5     0.096825188
    3944           137.7             -12      0.10224554
    3945           137.7            -7.5       0.1082188
    3946           137.7              -3      0.11482577
    3947           137.7             1.5      0.12216214
    3948           137.7               6      0.13034185
    3949           137.7            10.5      0.13950121
    3950           137.7              15      0.14980417
    3951           137.7            19.5      0.16144907
    3952           137.7              24      0.17467716
    3953           137.7            28.5      0.18978384
    3954           137.7              33      0.20713312
    3955           137.7            37.5      0.22717677
    3956           137.7              42       0.2504797
    3957           137.7            46.5      0.27775394
    3958           137.7              51      0.30990479
    3959           137.7            55.5      0.34809398
    3960           137.7              60       0.3938274
    3961           137.7            64.5      0.44907841
    3962           137.7              69      0.51646394
    3963           137.7            73.5       0.5994998
    3964           137.7              78      0.70297743
    3965           137.7            82.5      0.83353077
    3966           137.7              87        1.000507
    3967           137.7            91.5       1.2173358
    3968           137.7              96       1.5037373
    3969           137.7           100.5         1.88659
    3970           137.7             105       2.4073083
    3971           137.7           109.5       3.1395501
    3972           137.7             114        4.198982
    3973           137.7           118.5       5.7825489
    3974           137.7             123       8.2379056
    3975           137.7           127.5        12.19753
    3976           137.7             132       18.820175
    3977           137.7           136.5       30.086966
    3978           137.7             141       48.321677
    3979           137.7           145.5       71.375928
    3980           137.7             150       82.996664
    3981           137.7           154.5       69.050981
    3982           137.7             159       45.264355
    3983           137.7           163.5       27.431032
    3984           137.7             168       16.903906
    3985           137.7           172.5       11.003435
    3986           137.7             177       7.6689337
    3987           137.7           181.5       5.7632683
    3988           137.7             186       4.7067891
    3989           137.7           190.5       4.2141513
    3990           137.7             195       4.1529816
    3991           137.7           199.5       4.4758191
    3992           137.7             204       5.1985111
    3993           137.7           208.5       6.3812031
    3994           137.7             213       8.1184096
    3995           137.7           217.5       10.521106
    3996           137.7             222       13.659234
    3997           137.7           226.5       17.446789
    3998           137.7             231       21.463765
    3999           137.7           235.5       24.855782
    4000           137.7             240       26.587077
    4001           137.7           244.5       26.085505
    4002           137.7             249       23.676876
    4003           137.7           253.5       20.277001
    4004           137.7             258        16.75618
    4005           137.7           262.5       13.615259
    4006           137.7             267       11.022281
    4007           137.7           271.5       8.9618031
    4008           137.7             276       7.3496186
    4009           137.7           280.5       6.0912626
    4010           137.7             285       5.1042788
    4011           137.7           289.5       4.3162705
    4012           137.7             294       3.6842028
    4013           137.7           298.5       3.1744091
    4014           137.7             303       2.7585626
    4015           137.7           307.5       2.4156632
    4016           137.7             312       2.1300391
    4017           137.7           316.5       1.8898897
    4018           137.7             321       1.6862386
    4019           137.7           325.5       1.5121848
    4020           137.7             330       1.3623652
    4021           137.7           334.5       1.2325677
    4022           137.7             339       1.1194506
    4023           137.7           343.5       1.0203368
    4024           137.7             348      0.93306191
    4025           137.7           352.5      0.85586131
    4026           137.7             357      0.78728467
    4027           137.7           361.5       0.7261312
    4028           137.7             366       0.6713998
    4029           137.7           370.5      0.62225058
    4030           137.7             375      0.57797473
    4031           137.7           379.5      0.53797076
    4032           137.7             384      0.50172564
    4033           137.7           388.5      0.46879974
    4034           137.7             393      0.43881462
    4035           137.7           397.5       0.4114432
    4036           137.7             402      0.38640166
    4037           137.7           406.5      0.36344283
    4038           137.7             411      0.34235072
    4039           137.7           415.5      0.32293597
    4040           137.7             420      0.30503205
    4041             142             -30     0.082775899
    4042             142           -25.5     0.086864758
    4043             142             -21     0.091325338
    4044             142           -16.5     0.096207094
    4045             142             -12      0.10156791
    4046             142            -7.5      0.10747582
    4047             142              -3      0.11401114
    4048             142             1.5      0.12126916
    4049             142               6      0.12936344
    4050             142            10.5      0.13843008
    4051             142              15      0.14863301
    4052             142            19.5      0.16017087
    4053             142              24      0.17328578
    4054             142            28.5       0.1882748
    4055             142              33      0.20550487
    4056             142            37.5      0.22543257
    4057             142              42      0.24863046
    4058             142            46.5       0.2758226
    4059             142              51       0.3079329
    4060             142            55.5      0.34615188
    4061             142              60      0.39202993
    4062             142            64.5      0.44760958
    4063             142              69      0.51561601
    4064             142            73.5      0.59973641
    4065             142              78      0.70503727
    4066             142            82.5      0.83860146
    4067             142              87       1.0105241
    4068             142            91.5       1.2355114
    4069             142              96       1.5378711
    4070             142           100.5       1.9399627
    4071             142             105       2.4998162
    4072             142           109.5       3.3024717
    4073             142             114       4.4940901
    4074             142           118.5       6.3393732
    4075             142             123       9.3482209
    4076             142           127.5       14.576395
    4077             142             132       24.394521
    4078             142           136.5        44.54933
    4079             142             141       89.064649
    4080             142           145.5       178.99619
    4081             142             150       251.65082
    4082             142           154.5       173.00906
    4083             142             159       83.062469
    4084             142           163.5       40.312891
    4085             142             168       21.751989
    4086             142           172.5       13.114921
    4087             142             177       8.7454016
    4088             142           181.5       6.3987123
    4089             142             186       5.1348086
    4090             142           190.5       4.5513484
    4091             142             195       4.4766247
    4092             142           199.5       4.8770365
    4093             142             204        5.796015
    4094             142           208.5         7.35061
    4095             142             213        9.749638
    4096             142           217.5       13.285263
    4097             142             222        18.29575
    4098             142           226.5       24.947318
    4099             142             231       32.737136
    4100             142           235.5       39.845856
    4101             142             240       43.428646
    4102             142           244.5       41.782595
    4103             142             249       36.089747
    4104             142           253.5       29.029772
    4105             142             258       22.555492
    4106             142           262.5       17.374194
    4107             142             267        13.46831
    4108             142           271.5       10.583343
    4109             142             276       8.4525851
    4110             142           280.5       6.8629563
    4111             142             285       5.6594921
    4112             142           289.5       4.7333748
    4113             142             294       3.9969297
    4114             142           298.5       3.4153089
    4115             142             303       2.9475824
    4116             142           307.5       2.5663541
    4117             142             312       2.2518299
    4118             142           316.5       1.9894915
    4119             142             321         1.76853
    4120             142           325.5       1.5807814
    4121             142             330       1.4199939
    4122             142           334.5       1.2813178
    4123             142             339       1.1609451
    4124             142           343.5       1.0558526
    4125             142             348       0.9636145
    4126             142           352.5      0.88226635
    4127             142             357      0.81020297
    4128             142           361.5      0.74610229
    4129             142             366      0.68886735
    4130             142           370.5      0.63758169
    4131             142             375      0.59147493
    4132             142           379.5      0.54989564
    4133             142             384       0.5122901
    4134             142           388.5      0.47818524
    4135             142             393      0.44717504
    4136             142           397.5      0.41890954
    4137             142             402      0.39308586
    4138             142           406.5      0.36944086
    4139             142             411      0.34774515
    4140             142           415.5      0.32779805
    4141             142             420      0.30942344
    4142           146.3             -30       0.0822205
    4143           146.3           -25.5      0.08625358
    4144           146.3             -21     0.090652055
    4145           146.3           -16.5     0.095464588
    4146           146.3             -12      0.10074816
    4147           146.3            -7.5      0.10656978
    4148           146.3              -3      0.11300862
    4149           146.3             1.5      0.12015865
    4150           146.3               6        0.128132
    4151           146.3            10.5      0.13706309
    4152           146.3              15      0.14711407
    4153           146.3            19.5      0.15848156
    4154           146.3              24      0.17140555
    4155           146.3            28.5      0.18618084
    4156           146.3              33      0.20317211
    4157           146.3            37.5      0.22283384
    4158           146.3              42      0.24573698
    4159           146.3            46.5      0.27260497
    4160           146.3              51      0.30436299
    4161           146.3            55.5      0.34220618
    4162           146.3              60      0.38769539
    4163           146.3            64.5      0.44289357
    4164           146.3              69      0.51056341
    4165           146.3            73.5      0.59445885
    4166           146.3              78      0.69976394
    4167           146.3            82.5       0.8337684
    4168           146.3              87       1.0069346
    4169           146.3            91.5       1.2346311
    4170           146.3              96       1.5418214
    4171           146.3           100.5       1.9539628
    4172           146.3             105       2.5331609
    4173           146.3           109.5       3.3736825
    4174           146.3             114       4.6420536
    4175           146.3           118.5       6.6514921
    4176           146.3             123       10.039122
    4177           146.3           127.5       16.237713
    4178           146.3             132       28.925778
    4179           146.3           136.5        59.46402
    4180           146.3             141       153.42119
    4181           146.3           145.5       296.65541
    4182           146.3             150       291.39566
    4183           146.3           154.5       286.35395
    4184           146.3             159       142.57829
    4185           146.3           163.5       53.522434
    4186           146.3             168       25.801893
    4187           146.3           172.5       14.815308
    4188           146.3             177       9.6944678
    4189           146.3           181.5       7.0344605
    4190           146.3             186       5.5978004
    4191           146.3           190.5        4.911591
    4192           146.3             195       4.8062549
    4193           146.3           199.5       5.2693508
    4194           146.3             204       6.3884048
    4195           146.3           208.5       8.3685194
    4196           146.3             213       11.595528
    4197           146.3           217.5       16.715946
    4198           146.3             222       24.723428
    4199           146.3           226.5       36.816325
    4200           146.3             231       53.274506
    4201           146.3           235.5       70.554904
    4202           146.3             240       79.568489
    4203           146.3           244.5       73.838317
    4204           146.3             249       58.586739
    4205           146.3           253.5       42.809816
    4206           146.3             258       30.579522
    4207           146.3           262.5       22.055869
    4208           146.3             267       16.279286
    4209           146.3           271.5       12.339754
    4210           146.3             276       9.5979553
    4211           146.3           280.5        7.641284
    4212           146.3             285       6.2086365
    4213           146.3           289.5       5.1338199
    4214           146.3             294       4.2999799
    4215           146.3           298.5       3.6476057
    4216           146.3             303       3.1293167
    4217           146.3           307.5       2.7109818
    4218           146.3             312       2.3685893
    4219           146.3           316.5       2.0849001
    4220           146.3             321       1.8472997
    4221           146.3           325.5       1.6463936
    4222           146.3             330       1.4750704
    4223           146.3           334.5       1.3278664
    4224           146.3             339       1.2005261
    4225           146.3           343.5       1.0896937
    4226           146.3             348      0.99269283
    4227           146.3           352.5       0.9073669
    4228           146.3             357      0.83196195
    4229           146.3           361.5      0.76503923
    4230           146.3             366      0.70540933
    4231           146.3           370.5      0.65208203
    4232           146.3             375       0.6042275
    4233           146.3           379.5      0.56114618
    4234           146.3             384      0.52224502
    4235           146.3           388.5      0.48701869
    4236           146.3             393      0.45503458
    4237           146.3           397.5      0.42592065
    4238           146.3             402      0.39935565
    4239           146.3           406.5      0.37506106
    4240           146.3             411      0.35279458
    4241           146.3           415.5      0.33234465
    4242           146.3             420      0.31352595
    4243           150.6             -30     0.081583346
    4244           150.6           -25.5     0.085550123
    4245           150.6             -21     0.089874214
    4246           150.6           -16.5     0.094603131
    4247           150.6             -12     0.099792517
    4248           150.6            -7.5      0.10550782
    4249           150.6              -3      0.11182637
    4250           150.6             1.5      0.11884001
    4251           150.6               6      0.12665828
    4252           150.6            10.5      0.13541263
    4253           150.6              15      0.14526161
    4254           150.6            19.5      0.15639758
    4255           150.6              24      0.16905541
    4256           150.6            28.5      0.18352375
    4257           150.6              33      0.20015983
    4258           150.6            37.5      0.21940912
    4259           150.6              42      0.24183158
    4260           150.6            46.5       0.2681372
    4261           150.6              51      0.29923466
    4262           150.6            55.5      0.33629877
    4263           150.6              60      0.38086528
    4264           150.6            64.5      0.43496617
    4265           150.6              69        0.501326
    4266           150.6            73.5      0.58365208
    4267           150.6              78      0.68707228
    4268           150.6            82.5      0.81881078
    4269           150.6              87      0.98925832
    4270           150.6            91.5       1.2137173
    4271           150.6              96       1.5169499
    4272           150.6           100.5       1.9248193
    4273           150.6             105        2.499652
    4274           150.6           109.5       3.3369035
    4275           150.6             114        4.606488
    4276           150.6           118.5       6.6313581
    4277           150.6             123       10.078468
    4278           150.6           127.5       16.483084
    4279           150.6             132       29.945649
    4280           150.6           136.5       64.087769
    4281           150.6             141       183.67357
    4282           150.6           145.5       291.05855
    4283           150.6             150       285.46153
    4284           150.6           154.5       280.10206
    4285           150.6             159       169.94628
    4286           150.6           163.5       57.663149
    4287           150.6             168       27.174084
    4288           150.6           172.5       15.785741
    4289           150.6             177       10.584111
    4290           150.6           181.5       7.8165926
    4291           150.6             186       6.2187937
    4292           150.6           190.5       5.3729171
    4293           150.6             195       5.1714192
    4294           150.6           199.5        5.645272
    4295           150.6             204       6.9326469
    4296           150.6           208.5       9.3418583
    4297           150.6             213       13.499752
    4298           150.6           217.5       20.630275
    4299           150.6             222       33.106917
    4300           150.6           226.5       55.269181
    4301           150.6             231       92.992587
    4302           150.6           235.5       144.15531
    4303           150.6             240       174.95629
    4304           150.6           244.5       150.37001
    4305           150.6             249       101.83789
    4306           150.6           253.5       64.122277
    4307           150.6             258       41.028479
    4308           150.6           262.5       27.442311
    4309           150.6             267       19.249655
    4310           150.6           271.5        14.09436
    4311           150.6             276       10.702476
    4312           150.6           280.5       8.3765456
    4313           150.6             285       6.7218719
    4314           150.6           289.5        5.506435
    4315           150.6             294       4.5817007
    4316           150.6           298.5       3.8638289
    4317           150.6             303       3.2988367
    4318           150.6           307.5       2.8461979
    4319           150.6             312       2.4779761
    4320           150.6           316.5       2.1744328
    4321           150.6             321       1.9213072
    4322           150.6           325.5       1.7080854
    4323           150.6             330        1.526874
    4324           150.6           334.5        1.371649
    4325           150.6             339       1.2377445
    4326           150.6           343.5       1.1214984
    4327           150.6             348       1.0200023
    4328           150.6           352.5      0.93092097
    4329           150.6             357      0.85236123
    4330           150.6           361.5      0.78277489
    4331           150.6             366       0.7208856
    4332           150.6           370.5      0.66563344
    4333           150.6             375      0.61613241
    4334           150.6           379.5       0.5716373
    4335           150.6             384      0.53151777
    4336           150.6           388.5      0.49523791
    4337           150.6             393       0.4623398
    4338           150.6           397.5      0.43243047
    4339           150.6             402       0.4051712
    4340           150.6           406.5       0.3802689
    4341           150.6             411      0.35746901
    4342           150.6           415.5      0.33654964
    4343           150.6             420      0.31731676
    4344           154.9             -30     0.080868911
    4345           154.9           -25.5     0.084759515
    4346           154.9             -21     0.088997706
    4347           154.9           -16.5     0.093629516
    4348           154.9             -12     0.098708837
    4349           154.9            -7.5      0.10429904
    4350           154.9              -3        0.110475
    4351           154.9             1.5      0.11732558
    4352           154.9               6      0.12495679
    4353           154.9            10.5      0.13349575
    4354           154.9              15      0.14309578
    4355           154.9            19.5      0.15394282
    4356           154.9              24      0.16626381
    4357           154.9            28.5      0.18033757
    4358           154.9              33      0.19650899
    4359           154.9            37.5      0.21520792
    4360           154.9              42      0.23697441
    4361           154.9            46.5      0.26249275
    4362           154.9              51      0.29263808
    4363           154.9            55.5      0.32854089
    4364           154.9              60      0.37167755
    4365           154.9            64.5      0.42399927
    4366           154.9              69      0.48811883
    4367           154.9            73.5      0.56758591
    4368           154.9              78      0.66730128
    4369           154.9            82.5      0.79415386
    4370           154.9              87      0.95802526
    4371           154.9            91.5       1.1734193
    4372           154.9              96       1.4640254
    4373           154.9           100.5       1.8533638
    4374           154.9             105       2.3999675
    4375           154.9           109.5       3.1919744
    4376           154.9             114       4.3842713
    4377           154.9           118.5       6.2659873
    4378           154.9             123       9.4187162
    4379           154.9           127.5       15.127648
    4380           154.9             132       26.605853
    4381           154.9           136.5        53.25772
    4382           154.9             141       128.74669
    4383           154.9           145.5       285.54097
    4384           154.9             150       279.61426
    4385           154.9           154.5       273.96671
    4386           154.9             159       118.83166
    4387           154.9           163.5       48.709051
    4388           154.9             168        25.61309
    4389           154.9           172.5        16.39929
    4390           154.9             177       11.927786
    4391           154.9           181.5       9.1968863
    4392           154.9             186       7.2983445
    4393           154.9           190.5       6.0910379
    4394           154.9             195       5.6318491
    4395           154.9           199.5       6.0043495
    4396           154.9             204       7.3751937
    4397           154.9           208.5       10.135857
    4398           154.9             213       15.166785
    4399           154.9           217.5       24.425944
    4400           154.9             222       42.503626
    4401           154.9           226.5       80.976973
    4402           154.9             231       169.94218
    4403           154.9           235.5       207.39606
    4404           154.9             240       211.83867
    4405           154.9           244.5       216.17143
    4406           154.9             249       185.13222
    4407           154.9           253.5       93.713177
    4408           154.9             258       52.787096
    4409           154.9           262.5       32.770181
    4410           154.9             267       21.973175
    4411           154.9           271.5       15.639286
    4412           154.9             276       11.658397
    4413           154.9           280.5       9.0112012
    4414           154.9             285       7.1673553
    4415           154.9           289.5       5.8329146
    4416           154.9             294       4.8359324
    4417           154.9           298.5       4.0570293
    4418           154.9             303       3.4516576
    4419           154.9           307.5       2.9689943
    4420           154.9             312       2.5778975
    4421           154.9           316.5       2.2565846
    4422           154.9             321       1.9894374
    4423           154.9           325.5       1.7650097
    4424           154.9             330       1.5747474
    4425           154.9           334.5       1.4121463
    4426           154.9             339        1.272184
    4427           154.9           343.5       1.1509292
    4428           154.9             348       1.0452666
    4429           154.9           352.5      0.95270029
    4430           154.9             357      0.87121107
    4431           154.9           361.5      0.79915068
    4432           154.9             366      0.73516287
    4433           154.9           370.5      0.67812343
    4434           154.9             375       0.6270943
    4435           154.9           379.5      0.58128788
    4436           154.9             384      0.54003914
    4437           154.9           388.5       0.5027836
    4438           154.9             393      0.46903979
    4439           154.9           397.5      0.43839514
    4440           154.9             402      0.41049465
    4441           154.9           406.5      0.38503159
    4442           154.9             411      0.36173996
    4443           154.9           415.5      0.34038824
    4444           154.9             420      0.32077426
    4445           159.2             -30     0.080082364
    4446           159.2           -25.5     0.083887717
    4447           159.2             -21     0.088029429
    4448           159.2           -16.5     0.092551748
    4449           159.2             -12     0.097506447
    4450           159.2            -7.5      0.10295436
    4451           159.2              -3      0.10896732
    4452           159.2             1.5      0.11563049
    4453           159.2               6      0.12304543
    4454           159.2            10.5      0.13133378
    4455           159.2              15      0.14064211
    4456           159.2            19.5      0.15114802
    4457           159.2              24      0.16306802
    4458           159.2            28.5      0.17666775
    4459           159.2              33      0.19227537
    4460           159.2            37.5      0.21029926
    4461           159.2              42      0.23125156
    4462           159.2            46.5      0.25577995
    4463           159.2              51      0.28471088
    4464           159.2            55.5      0.31910922
    4465           159.2              60       0.3603616
    4466           159.2            64.5      0.41029444
    4467           159.2              69      0.47134395
    4468           159.2            73.5      0.54680488
    4469           159.2              78      0.64120185
    4470           159.2            82.5      0.76085491
    4471           159.2              87      0.91476111
    4472           159.2            91.5       1.1160047
    4473           159.2              96       1.3864871
    4474           159.2           100.5       1.7451106
    4475           159.2             105       2.2434373
    4476           159.2           109.5       2.9557638
    4477           159.2             114       4.0085205
    4478           159.2           118.5       5.6274192
    4479           159.2             123       8.2382368
    4480           159.2           127.5       12.695134
    4481           159.2             132       20.823287
    4482           159.2           136.5       36.676803
    4483           159.2             141        68.57749
    4484           159.2           145.5       123.52636
    4485           159.2             150       160.42945
    4486           159.2           154.5       118.51268
    4487           159.2             159       64.376925
    4488           159.2           163.5       35.799499
    4489           159.2             168       23.483868
    4490           159.2           172.5        18.25564
    4491           159.2             177       15.264032
    4492           159.2           181.5       12.362471
    4493           159.2             186       9.4973644
    4494           159.2           190.5       7.3481541
    4495           159.2             195       6.2784858
    4496           159.2           199.5       6.3527552
    4497           159.2             204       7.6651794
    4498           159.2           208.5       10.605405
    4499           159.2             213       16.212967
    4500           159.2           217.5       27.049781
    4501           159.2             222       49.938665
    4502           159.2           226.5       106.39517
    4503           159.2             231       200.51137
    4504           159.2           235.5       205.25034
    4505           159.2             240       209.85652
    4506           159.2           244.5       214.32971
    4507           159.2             249       218.67339
    4508           159.2           253.5       123.04758
    4509           159.2             258       62.292109
    4510           159.2           262.5       36.677537
    4511           159.2             267       23.903516
    4512           159.2           271.5       16.739688
    4513           159.2             276       12.357717
    4514           159.2           280.5       9.4924097
    4515           159.2             285       7.5177015
    4516           159.2           289.5       6.0982596
    4517           159.2             294       5.0425514
    4518           159.2           298.5       4.2217879
    4519           159.2             303       3.5843005
    4520           159.2           307.5        3.077023
    4521           159.2             312       2.6666961
    4522           159.2           316.5        2.330139
    4523           159.2             321       2.0507692
    4524           159.2           325.5        1.816451
    4525           159.2             330       1.6181236
    4526           159.2           334.5       1.4489022
    4527           159.2             339       1.3034737
    4528           159.2           343.5       1.1776814
    4529           159.2             348       1.0682336
    4530           159.2           352.5       0.9724952
    4531           159.2             357      0.88833612
    4532           159.2           361.5       0.8140193
    4533           159.2             366      0.74811693
    4534           159.2           370.5       0.6894469
    4535           159.2             375      0.63702396
    4536           159.2           379.5      0.59002196
    4537           159.2             384      0.54774423
    4538           159.2           388.5       0.5096002
    4539           159.2             393      0.47508682
    4540           159.2           397.5      0.44377358
    4541           159.2             402      0.41529053
    4542           159.2           406.5      0.38931844
    4543           159.2             411      0.36558082
    4544           159.2           415.5      0.34383731
    4545           159.2             420      0.32387828
    4546           163.5             -30     0.079229489
    4547           163.5           -25.5     0.082941425
    4548           163.5             -21     0.086977162
    4549           163.5           -16.5     0.091378902
    4550           163.5             -12     0.096195972
    4551           163.5            -7.5      0.10148627
    4552           163.5              -3      0.10731808
    4553           163.5             1.5      0.11377227
    4554           163.5               6      0.12094511
    4555           163.5            10.5      0.12895179
    4556           163.5              15      0.13793086
    4557           163.5            19.5      0.14804994
    4558           163.5              24      0.15951295
    4559           163.5            28.5       0.1725696
    4560           163.5              33      0.18752765
    4561           163.5            37.5       0.2047691
    4562           163.5              42      0.22477163
    4563           163.5            46.5      0.24813735
    4564           163.5              51      0.27563173
    4565           163.5            55.5      0.30823691
    4566           163.5              60      0.34722557
    4567           163.5            64.5      0.39426478
    4568           163.5              69      0.45156381
    4569           163.5            73.5      0.52208822
    4570           163.5              78      0.60987486
    4571           163.5            82.5      0.72050415
    4572           163.5              87       0.8618225
    4573           163.5            91.5       1.0450716
    4574           163.5              96        1.286696
    4575           163.5           100.5       1.6092456
    4576           163.5             105       2.0459195
    4577           163.5           109.5       2.6573312
    4578           163.5             114       3.5364504
    4579           163.5           118.5       4.8384803
    4580           163.5             123       6.8296654
    4581           163.5           127.5       9.9742507
    4582           163.5             132       15.067448
    4583           163.5           136.5       23.315116
    4584           163.5             141       35.727979
    4585           163.5           145.5       50.029643
    4586           163.5             150       56.689414
    4587           163.5           154.5       49.005376
    4588           163.5             159       35.903377
    4589           163.5           163.5       27.042791
    4590           163.5             168       24.238947
    4591           163.5           172.5       25.326817
    4592           163.5             177       25.377796
    4593           163.5           181.5       20.741859
    4594           163.5             186       14.292339
    4595           163.5           190.5       9.5813513
    4596           163.5             195       7.2016172
    4597           163.5           199.5       6.6895953
    4598           163.5             204       7.7675445
    4599           163.5           208.5       10.653401
    4600           163.5             213       16.339898
    4601           163.5           217.5       27.485356
    4602           163.5             222       51.451649
    4603           163.5           226.5       112.78928
    4604           163.5             231       198.50132
    4605           163.5           235.5       203.42727
    4606           163.5             240        208.1916
    4607           163.5           244.5       212.79406
    4608           163.5             249       217.23979
    4609           163.5           253.5       131.00533
    4610           163.5             258       64.744532
    4611           163.5           262.5       37.807168
    4612           163.5             267       24.587579
    4613           163.5           271.5       17.224155
    4614           163.5             276       12.728972
    4615           163.5           280.5       9.7878613
    4616           163.5             285       7.7571673
    4617           163.5           289.5        6.294191
    4618           163.5             294       5.2037565
    4619           163.5           298.5       4.3550999
    4620           163.5             303       3.6947574
    4621           163.5           307.5        3.168848
    4622           163.5             312       2.7432893
    4623           163.5           316.5       2.3942489
    4624           163.5             321       2.1046225
    4625           163.5           325.5       1.8618544
    4626           163.5             330       1.6565452
    4627           163.5           334.5       1.4815371
    4628           163.5             339       1.3312967
    4629           163.5           343.5       1.2014897
    4630           163.5             348       1.0886806
    4631           163.5           352.5       0.9901183
    4632           163.5             357      0.90357832
    4633           163.5           361.5      0.82724714
    4634           163.5             366      0.75963463
    4635           163.5           370.5      0.69950777
    4636           163.5             375      0.64583962
    4637           163.5           379.5       0.5977698
    4638           163.5             384      0.55457344
    4639           163.5           388.5      0.51563665
    4640           163.5             393      0.48043703
    4641           163.5           397.5      0.44852803
    4642           163.5             402      0.41952626
    4643           163.5           406.5      0.39310128
    4644           163.5             411      0.36896716
    4645           163.5           415.5      0.34687563
    4646           163.5             420      0.32661034
    4647           167.8             -30     0.078316587
    4648           167.8           -25.5     0.081927954
    4649           167.8             -21     0.085849428
    4650           167.8           -16.5     0.090120946
    4651           167.8             -12      0.09478912
    4652           167.8            -7.5     0.099908586
    4653           167.8              -3      0.10554366
    4654           167.8             1.5       0.1117704
    4655           167.8               6      0.11867918
    4656           167.8            10.5      0.12637792
    4657           167.8              15      0.13499614
    4658           167.8            19.5      0.14469016
    4659           167.8              24       0.1556497
    4660           167.8            28.5      0.16810636
    4661           167.8              33      0.18234474
    4662           167.8            37.5      0.19871678
    4663           167.8              42      0.21766086
    4664           167.8            46.5      0.23972704
    4665           167.8              51      0.26561106
    4666           167.8            55.5       0.2962004
    4667           167.8              60      0.33263742
    4668           167.8            64.5      0.37640696
    4669           167.8              69      0.42945934
    4670           167.8            73.5      0.49438548
    4671           167.8              78      0.57466953
    4672           167.8            82.5       0.6750593
    4673           167.8              87      0.80211751
    4674           167.8            91.5      0.96505624
    4675           167.8              96       1.1770206
    4676           167.8           100.5       1.4568984
    4677           167.8             105       1.8262216
    4678           167.8           109.5       2.3299622
    4679           167.8             114       3.0301479
    4680           167.8           118.5       4.0218544
    4681           167.8             123       5.4498026
    4682           167.8           127.5       7.5260059
    4683           167.8             132       10.523344
    4684           167.8           136.5       14.666934
    4685           167.8             141       19.758947
    4686           167.8           145.5       24.505089
    4687           167.8             150       26.649289
    4688           167.8           154.5       25.369622
    4689           167.8             159       23.106661
    4690           167.8           163.5       23.808432
    4691           167.8             168       31.808072
    4692           167.8           172.5         50.4091
    4693           167.8             177       63.915319
    4694           167.8           181.5        46.78712
    4695           167.8             186        24.80957
    4696           167.8           190.5       13.211218
    4697           167.8             195       8.3774775
    4698           167.8           199.5       6.9734937
    4699           167.8             204         7.67004
    4700           167.8           208.5       10.283253
    4701           167.8             213        15.53437
    4702           167.8           217.5       25.581475
    4703           167.8             222       46.088719
    4704           167.8           226.5       93.586439
    4705           167.8             231       196.90211
    4706           167.8           235.5       202.03092
    4707           167.8             240       206.94666
    4708           167.8           244.5       211.66406
    4709           167.8             249        216.1896
    4710           167.8           253.5       109.90558
    4711           167.8             258       58.848621
    4712           167.8           262.5       35.874712
    4713           167.8             267       23.952064
    4714           167.8           271.5       17.074368
    4715           167.8             276       12.768859
    4716           167.8           280.5       9.8980327
    4717           167.8             285       7.8867536
    4718           167.8           289.5       6.4213898
    4719           167.8             294       5.3198027
    4720           167.8           298.5        4.456872
    4721           167.8             303       3.7827305
    4722           167.8           307.5       3.2440628
    4723           167.8             312       2.8072292
    4724           167.8           316.5       2.4484677
    4725           167.8             321       2.1505764
    4726           167.8           325.5       1.9008367
    4727           167.8             330       1.6896713
    4728           167.8           334.5       1.5097524
    4729           167.8             339       1.3553944
    4730           167.8           343.5       1.2221315
    4731           167.8             348       1.1064172
    4732           167.8           352.5       1.0054068
    4733           167.8             357      0.91679893
    4734           167.8           361.5      0.83871602
    4735           167.8             366      0.76961526
    4736           167.8           370.5      0.70822017
    4737           167.8             375      0.65346802
    4738           167.8           379.5       0.6044688
    4739           167.8             384      0.56047318
    4740           167.8           388.5      0.52084697
    4741           167.8             393      0.48505095
    4742           167.8           397.5      0.45262449
    4743           167.8             402      0.42317252
    4744           167.8           406.5      0.39635475
    4745           167.8             411      0.37187703
    4746           167.8           415.5      0.34948413
    4747           167.8             420      0.32895384
    4748           172.1             -30     0.077350371
    4749           172.1           -25.5     0.080855107
    4750           172.1             -21      0.08465533
    4751           172.1           -16.5     0.088788543
    4752           172.1             -12     0.093298436
    4753           172.1            -7.5     0.098236123
    4754           172.1              -3      0.10366165
    4755           172.1             1.5      0.10964589
    4756           172.1               6      0.11627284
    4757           172.1            10.5      0.12364256
    4758           172.1              15      0.13187484
    4759           172.1            19.5      0.14111379
    4760           172.1              24      0.15153376
    4761           172.1            28.5      0.16334688
    4762           172.1              33      0.17681269
    4763           172.1            37.5      0.19225083
    4764           172.1              42      0.21005739
    4765           172.1            46.5      0.23072663
    4766           172.1              51      0.25487973
    4767           172.1            55.5      0.28330331
    4768           172.1              60      0.31700146
    4769           172.1            64.5       0.3572668
    4770           172.1              69      0.40577825
    4771           172.1            73.5      0.46473724
    4772           172.1              78      0.53705908
    4773           172.1            82.5      0.62664513
    4774           172.1              87       0.7387731
    4775           172.1            91.5      0.88066246
    4776           172.1              96       1.0622982
    4777           172.1           100.5       1.2993012
    4778           172.1             105        1.602529
    4779           172.1           109.5       2.0039119
    4780           172.1             114       2.5411811
    4781           172.1           118.5       3.2665431
    4782           172.1             123       4.2483482
    4783           172.1           127.5       5.5690141
    4784           172.1             132       7.2953243
    4785           172.1           136.5       9.4136027
    4786           172.1             141       11.709637
    4787           172.1           145.5        13.70129
    4788           172.1             150       14.904823
    4789           172.1           154.5       15.544273
    4790           172.1             159        17.25515
    4791           172.1           163.5       24.216113
    4792           172.1             168       49.786484
    4793           172.1           172.5       149.88143
    4794           172.1             177       315.76293
    4795           172.1           181.5       146.64659
    4796           172.1             186       44.725289
    4797           172.1           190.5       17.716836
    4798           172.1             195       9.4627051
    4799           172.1           199.5       7.0902274
    4800           172.1             204       7.3792559
    4801           172.1           208.5       9.6040594
    4802           172.1             213       14.100752
    4803           172.1           217.5       22.235914
    4804           172.1             222       37.240959
    4805           172.1           226.5       66.329062
    4806           172.1             231       123.85478
    4807           172.1           235.5       201.17756
    4808           172.1             240       206.24312
    4809           172.1           244.5       211.05726
    4810           172.1             249       137.58552
    4811           172.1           253.5       79.233181
    4812           172.1             258       48.526204
    4813           172.1           262.5       31.948973
    4814           172.1             267       22.374641
    4815           172.1           271.5       16.444658
    4816           172.1             276       12.548262
    4817           172.1           280.5       9.8581091
    4818           172.1             285       7.9247628
    4819           172.1           289.5       6.4895915
    4820           172.1             294       5.3958713
    4821           172.1           298.5       4.5298431
    4822           172.1             303       3.8495593
    4823           172.1           307.5       3.3032346
    4824           172.1             312       2.8586634
    4825           172.1           316.5       2.4927232
    4826           172.1             321       2.1884522
    4827           172.1           325.5       1.9331765
    4828           172.1             330       1.7172723
    4829           172.1           334.5       1.5333283
    4830           172.1             339       1.3755654
    4831           172.1           343.5       1.2394273
    4832           172.1             348       1.1212854
    4833           172.1           352.5       1.0182237
    4834           172.1             357      0.92787968
    4835           172.1           361.5       0.8483243
    4836           172.1             366      0.77797169
    4837           172.1           370.5      0.71550953
    4838           172.1             375       0.6598453
    4839           172.1           379.5      0.61006427
    4840           172.1             384      0.56539657
    4841           172.1           388.5      0.52519096
    4842           172.1             393      0.48889399
    4843           172.1           397.5      0.45603321
    4844           172.1             402      0.42620362
    4845           172.1           406.5      0.39905666
    4846           172.1             411      0.37429119
    4847           172.1           415.5      0.35164612
    4848           172.1             420      0.33089429
    4849           176.4             -30      0.07633785
    4850           176.4           -25.5     0.079731034
    4851           176.4             -21     0.083404383
    4852           176.4           -16.5     0.087392843
    4853           176.4             -12     0.091737039
    4854           176.4            -7.5     0.096484392
    4855           176.4              -3      0.10169048
    4856           176.4             1.5      0.10742072
    4857           176.4               6      0.11375245
    4858           176.4            10.5      0.12077754
    4859           176.4              15      0.12860558
    4860           176.4            19.5        0.137368
    4861           176.4              24      0.14722319
    4862           176.4            28.5      0.15836305
    4863           176.4              33      0.17102131
    4864           176.4            37.5      0.18548433
    4865           176.4              42      0.20210493
    4866           176.4            46.5      0.22132051
    4867           176.4              51      0.24367677
    4868           176.4            55.5      0.26985892
    4869           176.4              60       0.3007332
    4870           176.4            64.5      0.33740234
    4871           176.4              69      0.38128008
    4872           176.4            73.5      0.43419206
    4873           176.4              78      0.49851286
    4874           176.4            82.5      0.57735295
    4875           176.4              87      0.67481403
    4876           176.4            91.5      0.79633665
    4877           176.4              96      0.94916892
    4878           176.4           100.5       1.1429846
    4879           176.4             105       1.3899344
    4880           176.4           109.5       1.7022628
    4881           176.4             114       2.1042345
    4882           176.4           118.5       2.6212343
    4883           176.4             123       3.2816263
    4884           176.4           127.5         4.10823
    4885           176.4             132       5.1037029
    4886           176.4           136.5       6.2254641
    4887           176.4             141        7.366578
    4888           176.4           145.5       8.3926847
    4889           176.4             150       9.3073177
    4890           176.4           154.5        10.58307
    4891           176.4             159       13.802974
    4892           176.4           163.5       24.069874
    4893           176.4             168       65.890838
    4894           176.4           172.5       314.03851
    4895           176.4             177       312.19217
    4896           176.4           181.5       310.78143
    4897           176.4             186       62.256191
    4898           176.4           190.5        20.16918
    4899           176.4             195       9.7634506
    4900           176.4           199.5       6.8886913
    4901           176.4             204       6.9260187
    4902           176.4           208.5       8.7844444
    4903           176.4             213       12.478493
    4904           176.4           217.5       18.691877
    4905           176.4             222       28.850354
    4906           176.4           226.5       45.210069
    4907           176.4             231       69.745941
    4908           176.4           235.5       98.689719
    4909           176.4             240       115.07485
    4910           176.4           244.5       104.45194
    4911           176.4             249       78.762498
    4912           176.4           253.5       55.144755
    4913           176.4             258       38.522079
    4914           176.4           262.5       27.619941
    4915           176.4             267          20.446
    4916           176.4           271.5       15.590724
    4917           176.4             276       12.193173
    4918           176.4           280.5       9.7281211
    4919           176.4             285       7.9023029
    4920           176.4           289.5       6.5153405
    4921           176.4             294       5.4329594
    4922           176.4           298.5       4.5789019
    4923           176.4             303       3.8978274
    4924           176.4           307.5       3.3476725
    4925           176.4             312       2.8981968
    4926           176.4           316.5        2.527235
    4927           176.4             321       2.2182646
    4928           176.4           325.5       1.9587849
    4929           176.4             330       1.7392127
    4930           176.4           334.5       1.5521141
    4931           176.4             339       1.3916605
    4932           176.4           343.5       1.2532376
    4933           176.4             348       1.1331594
    4934           176.4           352.5       1.0284575
    4935           176.4             357      0.93672311
    4936           176.4           361.5      0.85598747
    4937           176.4             366      0.78463103
    4938           176.4           370.5      0.72131315
    4939           176.4             375      0.66491765
    4940           176.4           379.5      0.61451003
    4941           176.4             384      0.56930398
    4942           176.4           388.5      0.52863456
    4943           176.4             393      0.49193689
    4944           176.4           397.5      0.45872897
    4945           176.4             402      0.42859784
    4946           176.4           406.5      0.40118824
    4947           176.4             411       0.3761934
    4948           176.4           415.5      0.35334752
    4949           176.4             420      0.33241943
    4950           180.7             -30     0.075286213
    4951           180.7           -25.5      0.07856409
    4952           180.7             -21     0.082106334
    4953           180.7           -16.5     0.085945261
    4954           180.7             -12     0.090118353
    4955           180.7            -7.5     0.094669245
    4956           180.7              -3     0.099648941
    4957           180.7             1.5       0.1051173
    4958           180.7               6      0.11114489
    4959           180.7            10.5       0.1178152
    4960           180.7              15      0.12522756
    4961           180.7            19.5      0.13350057
    4962           180.7              24      0.14277659
    4963           180.7            28.5      0.15322729
    4964           180.7              33      0.16506071
    4965           180.7            37.5      0.17853031
    4966           180.7              42      0.19394644
    4967           180.7            46.5      0.21169112
    4968           180.7              51       0.2322372
    4969           180.7            55.5      0.25617305
    4970           180.7              60      0.28423482
    4971           180.7            64.5      0.31734842
    4972           180.7              69      0.35668448
    4973           180.7            73.5      0.40373002
    4974           180.7              78      0.46038199
    4975           180.7            82.5      0.52906817
    4976           180.7              87      0.61290145
    4977           180.7            91.5      0.71587194
    4978           180.7              96      0.84307536
    4979           180.7           100.5       1.0009617
    4980           180.7             105       1.1993702
    4981           180.7           109.5       1.4400206
    4982           180.7             114       1.7382051
    4983           180.7           118.5       2.1044913
    4984           180.7             123       2.5472191
    4985           180.7           127.5       3.0673967
    4986           180.7             132       3.6524013
    4987           180.7           136.5        4.271733
    4988           180.7             141       4.8855087
    4989           180.7           145.5       5.4866826
    4990           180.7             150       6.2023304
    4991           180.7           154.5       7.4959048
    4992           180.7             159       10.669053
    4993           180.7           163.5       19.754146
    4994           180.7             168       51.502671
    4995           180.7           172.5       206.46745
    4996           180.7             177       309.07513
    4997           180.7           181.5       204.40126
    4998           180.7             186       49.333127
    4999           180.7           190.5       17.656134
    5000           180.7             195       8.8266501
    5001           180.7           199.5       6.3159123
    5002           180.7             204       6.3696243
    5003           180.7           208.5       7.9952996
    5004           180.7             213       11.056033
    5005           180.7           217.5       15.811295
    5006           180.7             222       22.745251
    5007           180.7           226.5       32.293464
    5008           180.7             231       44.073316
    5009           180.7           235.5         55.5244
    5010           180.7             240       61.694422
    5011           180.7           244.5       59.311911
    5012           180.7             249       50.601799
    5013           180.7           253.5        40.24806
    5014           180.7             258       31.142417
    5015           180.7           262.5       24.035688
    5016           180.7             267       18.717557
    5017           180.7           271.5       14.768365
    5018           180.7             276        11.81592
    5019           180.7           280.5       9.5817434
    5020           180.7             285       7.8555228
    5021           180.7           289.5       6.5181084
    5022           180.7             294       5.4549733
    5023           180.7           298.5       4.6099481
    5024           180.7             303       3.9307233
    5025           180.7           307.5       3.3790624
    5026           180.7             312       2.9266793
    5027           180.7           316.5       2.5523904
    5028           180.7             321       2.2401479
    5029           180.7           325.5       1.9776621
    5030           180.7             330       1.7554256
    5031           180.7           334.5       1.5660134
    5032           180.7             339       1.4035743
    5033           180.7           343.5       1.2634588
    5034           180.7             348       1.1419428
    5035           180.7           352.5       1.0360213
    5036           180.7             357      0.94325235
    5037           180.7           361.5      0.86163835
    5038           180.7             366      0.78953501
    5039           180.7           370.5      0.72558075
    5040           180.7             375      0.66864177
    5041           180.7           379.5      0.61776887
    5042           180.7             384      0.57216345
    5043           180.7           388.5      0.53115032
    5044           180.7             393      0.49415603
    5045           180.7           397.5      0.46069147
    5046           180.7             402      0.43033766
    5047           180.7           406.5      0.40273435
    5048           180.7             411      0.37757058
    5049           180.7           415.5      0.35457698
    5050           180.7             420      0.33351941
    5051             185             -30     0.074202707
    5052             185           -25.5      0.07736269
    5053             185             -21     0.080770985
    5054             185           -16.5      0.08445726
    5055             185             -12     0.088455834
    5056             185            -7.5     0.092806543
    5057             185              -3     0.097555815
    5058             185             1.5      0.10275797
    5059             185               6      0.10847681
    5060             185            10.5      0.11478759
    5061             185              15      0.12177946
    5062             185            19.5      0.12955846
    5063             185              24      0.13825131
    5064             185            28.5      0.14801006
    5065             185              33      0.15901807
    5066             185            37.5       0.1714974
    5067             185              42      0.18571824
    5068             185            46.5       0.2020109
    5069             185              51      0.22078095
    5070             185            55.5      0.24252864
    5071             185              60       0.2678736
    5072             185            64.5      0.29758625
    5073             185              69      0.33262781
    5074             185            73.5      0.37420053
    5075             185              78       0.4238104
    5076             185            82.5       0.4833434
    5077             185              87      0.55515507
    5078             185            91.5      0.64216883
    5079             185              96         0.74797
    5080             185           100.5      0.87686592
    5081             185             105        1.033853
    5082             185           109.5       1.2252686
    5083             185             114       1.4502118
    5084             185           118.5       1.7163482
    5085             185             123       2.0240021
    5086             185           127.5       2.3674528
    5087             185             132       2.7325504
    5088             185           136.5       3.0991008
    5089             185             141       3.4530948
    5090             185           145.5       3.8189283
    5091             185             150        4.322118
    5092             185           154.5       5.3051106
    5093             185             159       7.5843965
    5094             185           163.5        13.16106
    5095             185             168       27.107632
    5096             185           172.5       57.959112
    5097             185             177       84.749651
    5098             185           181.5       57.249381
    5099             185             186       26.160109
    5100             185           190.5       12.284678
    5101             185             195       7.0573692
    5102             185           199.5       5.5077193
    5103             185             204       5.8180782
    5104             185           208.5        7.383384
    5105             185             213       10.075742
    5106             185           217.5       13.967654
    5107             185             222        19.15845
    5108             185           226.5       25.550291
    5109             185             231       32.515198
    5110             185           235.5        38.64256
    5111             185             240       42.036403
    5112             185           244.5       41.582287
    5113             185             249       37.831648
    5114             185           253.5       32.401678
    5115             185             258       26.764499
    5116             185           262.5       21.723558
    5117             185             267       17.537461
    5118             185           271.5       14.183895
    5119             185             276       11.538473
    5120             185           280.5       9.4604141
    5121             185             285       7.8173866
    5122             185           289.5       6.5159542
    5123             185             294       5.4662901
    5124             185           298.5       4.6285694
    5125             185             303       3.9512972
    5126             185           307.5       3.3990424
    5127             185             312       2.9449616
    5128             185           316.5        2.568602
    5129             185             321       2.2542732
    5130             185           325.5       1.9898489
    5131             185             330       1.7658846
    5132             185           334.5       1.5749676
    5133             185             339       1.4112356
    5134             185           343.5       1.2700178
    5135             185             348       1.1475659
    5136             185           352.5       1.0408513
    5137             185             357       0.9474105
    5138             185           361.5      0.86522697
    5139             185             366      0.79264016
    5140             185           370.5      0.72827471
    5141             185             375      0.67098527
    5142             185           379.5      0.61981294
    5143             185             384      0.57395105
    5144             185           388.5      0.53271768
    5145             185             393      0.49553376
    5146             185           397.5      0.46190548
    5147             185             402      0.43140998
    5148             185           406.5       0.4036837
    5149             185             411      0.37841295
    5150             185           415.5      0.35532605
    5151             185             420      0.33418691
    5152           189.3             -30     0.073094523
    5153           189.3           -25.5     0.076135167
    5154           189.3             -21     0.079408023
    5155           189.3           -16.5     0.082940141
    5156           189.3             -12     0.086762712
    5157           189.3            -7.5     0.090911836
    5158           189.3              -3     0.095429449
    5159           189.3             1.5      0.10036445
    5160           189.3               6      0.10577409
    5161           189.3            10.5      0.11172562
    5162           189.3              15      0.11829841
    5163           189.3            19.5      0.12558649
    5164           189.3              24      0.13370172
    5165           189.3            28.5      0.14277771
    5166           189.3              33      0.15297477
    5167           189.3            37.5      0.16448599
    5168           189.3              42        0.177545
    5169           189.3            46.5      0.19243557
    5170           189.3              51      0.20950381
    5171           189.3            55.5      0.22917346
    5172           189.3              60       0.2519651
    5173           189.3            64.5      0.27852027
    5174           189.3              69      0.30963148
    5175           189.3            73.5       0.3462792
    5176           189.3              78      0.38967666
    5177           189.3            82.5      0.44132259
    5178           189.3              87      0.50306026
    5179           189.3            91.5      0.57713764
    5180           189.3              96      0.66625675
    5181           189.3           100.5      0.77358788
    5182           189.3             105      0.90291281
    5183           189.3           109.5       1.0570234
    5184           189.3             114       1.2402334
    5185           189.3           118.5       1.4500676
    5186           189.3             123       1.6888385
    5187           189.3           127.5       1.9509108
    5188           189.3             132        2.223741
    5189           189.3           136.5       2.4890921
    5190           189.3             141       2.7314346
    5191           189.3           145.5        2.960789
    5192           189.3             150       3.2552475
    5193           189.3           154.5       3.8230455
    5194           189.3             159       5.0860231
    5195           189.3           163.5       7.7797559
    5196           189.3             168       12.848633
    5197           189.3           172.5       19.929151
    5198           189.3             177        23.87071
    5199           189.3           181.5       19.730143
    5200           189.3             186       12.570193
    5201           189.3           190.5       7.6014448
    5202           189.3             195       5.2559959
    5203           189.3           199.5       4.7111257
    5204           189.3             204       5.3881955
    5205           189.3           208.5       7.0508268
    5206           189.3             213       9.6600454
    5207           189.3           217.5       13.259311
    5208           189.3             222       17.848674
    5209           189.3           226.5       23.218289
    5210           189.3             231       28.772375
    5211           189.3           235.5       33.472451
    5212           189.3             240         36.1484
    5213           189.3           244.5       36.129658
    5214           189.3             249        33.65745
    5215           189.3           253.5        29.65611
    5216           189.3             258       25.144544
    5217           189.3           262.5       20.836027
    5218           189.3             267       17.076551
    5219           189.3           271.5       13.955931
    5220           189.3             276       11.432781
    5221           189.3           280.5        9.417077
    5222           189.3             285       7.8122284
    5223           189.3           289.5       6.5128256
    5224           189.3             294       5.4742711
    5225           189.3           298.5       4.6388243
    5226           189.3             303       3.9617689
    5227           189.3           307.5       3.4088071
    5228           189.3             312       2.9536667
    5229           189.3           316.5       2.5761749
    5230           189.3             321       2.2607711
    5231           189.3           325.5       1.9953816
    5232           189.3             330       1.7705767
    5233           189.3           334.5       1.5789401
    5234           189.3             339       1.4145983
    5235           189.3           343.5       1.2728666
    5236           189.3             348       1.1499828
    5237           189.3           352.5       1.0429055
    5238           189.3             357      0.94916004
    5239           189.3           361.5      0.86672035
    5240           189.3             366      0.79391779
    5241           189.3           370.5      0.72937029
    5242           189.3             375      0.67192684
    5243           189.3           379.5      0.62062396
    5244           189.3             384      0.57465111
    5245           189.3           388.5      0.53332319
    5246           189.3             393      0.49605853
    5247           189.3           397.5      0.46236112
    5248           189.3             402      0.43180628
    5249           189.3           406.5      0.40402896
    5250           189.3             411       0.3787142
    5251           189.3           415.5      0.35558926
    5252           189.3             420      0.33441719
    5253           193.6             -30      0.07196869
    5254           193.6           -25.5      0.07488964
    5255           193.6             -21     0.078026861
    5256           193.6           -16.5     0.081404847
    5257           193.6             -12     0.085051755
    5258           193.6            -7.5     0.089000069
    5259           193.6              -3     0.093287401
    5260           193.6             1.5     0.097957458
    5261           193.6               6      0.10306122
    5262           193.6            10.5      0.10865839
    5263           193.6              15      0.11481912
    5264           193.6            19.5      0.12162623
    5265           193.6              24      0.12917783
    5266           193.6            28.5      0.13759062
    5267           193.6              33      0.14700403
    5268           193.6            37.5      0.15758529
    5269           193.6              42      0.16953578
    5270           193.6            46.5      0.18309905
    5271           193.6              51      0.19857079
    5272           193.6            55.5      0.21631143
    5273           193.6              60      0.23676193
    5274           193.6            64.5      0.26046371
    5275           193.6              69      0.28808359
    5276           193.6            73.5      0.32044512
    5277           193.6              78      0.35856753
    5278           193.6            82.5      0.40371369
    5279           193.6              87      0.45744852
    5280           193.6            91.5      0.52170809
    5281           193.6              96      0.59887819
    5282           193.6           100.5        0.691877
    5283           193.6             105      0.80411623
    5284           193.6           109.5      0.93891497
    5285           193.6             114       1.1011549
    5286           193.6           118.5       1.2962503
    5287           193.6             123       1.5233946
    5288           193.6           127.5       1.7860388
    5289           193.6             132       2.0771559
    5290           193.6           136.5       2.3760289
    5291           193.6             141       2.6458344
    5292           193.6           145.5       2.8467247
    5293           193.6             150       2.9798529
    5294           193.6           154.5       3.1482819
    5295           193.6             159       3.5804627
    5296           193.6           163.5       4.5637651
    5297           193.6             168         6.23114
    5298           193.6           172.5       8.1280774
    5299           193.6             177       9.0176743
    5300           193.6           181.5       8.0906337
    5301           193.6             186       6.1889402
    5302           193.6           190.5       4.6077617
    5303           193.6             195       3.9049605
    5304           193.6           199.5       4.1145803
    5305           193.6             204       5.1659616
    5306           193.6           208.5       7.0538457
    5307           193.6             213        9.858609
    5308           193.6           217.5       13.706538
    5309           193.6             222       18.675786
    5310           193.6           226.5       24.619928
    5311           193.6             231       30.926491
    5312           193.6           235.5       36.352362
    5313           193.6             240       39.381689
    5314           193.6           244.5       39.132079
    5315           193.6             249       35.996057
    5316           193.6           253.5       31.239789
    5317           193.6             258       26.117439
    5318           193.6           262.5        21.39882
    5319           193.6             267        17.39157
    5320           193.6           271.5       14.129505
    5321           193.6             276       11.527765
    5322           193.6           280.5       9.4688117
    5323           193.6             285       7.8401692
    5324           193.6           289.5       6.5341369
    5325           193.6             294       5.4819681
    5326           193.6           298.5       4.6423728
    5327           193.6             303       3.9630273
    5328           193.6           307.5       3.4088198
    5329           193.6             312        2.953024
    5330           193.6           316.5       2.5752113
    5331           193.6             321       2.2596752
    5332           193.6           325.5       1.9942586
    5333           193.6             330       1.7694834
    5334           193.6           334.5       1.5779056
    5335           193.6             339       1.4136354
    5336           193.6           343.5        1.271979
    5337           193.6             348       1.1491694
    5338           193.6           352.5       1.0421625
    5339           193.6             357      0.94848229
    5340           193.6           361.5      0.86610237
    5341           193.6             366       0.7933541
    5342           193.6           370.5      0.72885567
    5343           193.6             375      0.67145644
    5344           193.6           379.5      0.62019337
    5345           193.6             384      0.57425635
    5346           193.6           388.5      0.53296069
    5347           193.6             393       0.4957251
    5348           193.6           397.5       0.4620539
    5349           193.6             402      0.43152275
    5350           193.6           406.5      0.40376686
    5351           193.6             411      0.37847153
    5352           193.6           415.5      0.35536423
    5353           193.6             420       0.3342082
    5354           197.9             -30     0.070831968
    5355           197.9           -25.5     0.073633896
    5356           197.9             -21     0.076636491
    5357           197.9           -16.5     0.079861792
    5358           197.9             -12     0.083335056
    5359           197.9            -7.5     0.087085328
    5360           197.9              -3     0.091146123
    5361           197.9             1.5     0.095556262
    5362           197.9               6      0.10036087
    5363           197.9            10.5      0.10561262
    5364           197.9              15      0.11137318
    5365           197.9            19.5      0.11771514
    5366           197.9              24      0.12472416
    5367           197.9            28.5      0.13250187
    5368           197.9              33      0.14116929
    5369           197.9            37.5      0.15087118
    5370           197.9              42      0.16178151
    5371           197.9            46.5      0.17411029
    5372           197.9              51      0.18811228
    5373           197.9            55.5      0.20409812
    5374           197.9              60      0.22244857
    5375           197.9            64.5      0.24363302
    5376           197.9              69      0.26823372
    5377           197.9            73.5      0.29697779
    5378           197.9              78      0.33078027
    5379           197.9            82.5      0.37080287
    5380           197.9              87      0.41853556
    5381           197.9            91.5      0.47591259
    5382           197.9              96      0.54548034
    5383           197.9           100.5      0.63091557
    5384           197.9             105      0.73535279
    5385           197.9           109.5      0.86562511
    5386           197.9             114        1.030164
    5387           197.9           118.5       1.2405401
    5388           197.9             123       1.5136101
    5389           197.9           127.5       1.8617508
    5390           197.9             132        2.301297
    5391           197.9           136.5       2.8198356
    5392           197.9             141       3.3463984
    5393           197.9           145.5       3.7296734
    5394           197.9             150       3.8070774
    5395           197.9           154.5       3.5758853
    5396           197.9             159       3.2645619
    5397           197.9           163.5        3.161466
    5398           197.9             168       3.3816585
    5399           197.9           172.5       3.7562941
    5400           197.9             177        3.929608
    5401           197.9           181.5       3.6972089
    5402           197.9             186       3.2412839
    5403           197.9           190.5       2.9396055
    5404           197.9             195       3.0711551
    5405           197.9           199.5       3.7844263
    5406           197.9             204       5.1814666
    5407           197.9           208.5       7.3989779
    5408           197.9             213       10.670176
    5409           197.9           217.5       15.329483
    5410           197.9             222        21.76316
    5411           197.9           226.5       30.183168
    5412           197.9             231       40.053946
    5413           197.9           235.5       49.216342
    5414           197.9             240       54.134571
    5415           197.9           244.5       52.582375
    5416           197.9             249       45.978021
    5417           197.9           253.5       37.603554
    5418           197.9             258       29.800179
    5419           197.9           262.5       23.413624
    5420           197.9             267       18.459157
    5421           197.9           271.5       14.683271
    5422           197.9             276       11.808798
    5423           197.9           280.5       9.6065541
    5424           197.9             285       7.8923511
    5425           197.9           289.5       6.5551764
    5426           197.9             294       5.4874893
    5427           197.9           298.5       4.6381047
    5428           197.9             303       3.9544163
    5429           197.9           307.5       3.3986893
    5430           197.9             312       2.9427986
    5431           197.9           316.5       2.5655692
    5432           197.9             321       2.2508998
    5433           197.9           325.5       1.9864281
    5434           197.9             330       1.7625737
    5435           197.9           334.5       1.5718455
    5436           197.9             339       1.4083361
    5437           197.9           343.5       1.2673493
    5438           197.9             348        1.145123
    5439           197.9           352.5       1.0386213
    5440           197.9             357      0.94537742
    5441           197.9           361.5      0.86337383
    5442           197.9             366      0.79095021
    5443           197.9           370.5      0.72673214
    5444           197.9             375      0.66957541
    5445           197.9           379.5      0.61852251
    5446           197.9             384      0.57276804
    5447           197.9           388.5      0.53163136
    5448           197.9             393      0.49453454
    5449           197.9           397.5      0.46098484
    5450           197.9             402       0.4305603
    5451           197.9           406.5      0.40289824
    5452           197.9             411      0.37768569
    5453           197.9           415.5      0.35465163
    5454           197.9             420      0.33356056
    5455           202.2             -30     0.069690766
    5456           202.2           -25.5     0.072375284
    5457           202.2             -21     0.075245359
    5458           202.2           -16.5     0.078320708
    5459           202.2             -12     0.081623856
    5460           202.2            -7.5     0.085180623
    5461           202.2              -3     0.089020713
    5462           202.2             1.5     0.093178419
    5463           202.2               6     0.097693491
    5464           202.2            10.5      0.10261218
    5465           202.2              15      0.10798851
    5466           202.2            19.5      0.11388589
    5467           202.2              24      0.12037901
    5468           202.2            28.5      0.12755634
    5469           202.2              33      0.13552309
    5470           202.2            37.5      0.14440511
    5471           202.2              42      0.15435372
    5472           202.2            46.5      0.16555202
    5473           202.2              51      0.17822298
    5474           202.2            55.5      0.19264013
    5475           202.2              60      0.20914184
    5476           202.2            64.5      0.22815061
    5477           202.2              69      0.25019977
    5478           202.2            73.5      0.27597112
    5479           202.2              78      0.30634931
    5480           202.2            82.5       0.3425023
    5481           202.2              87      0.38600348
    5482           202.2            91.5      0.43902173
    5483           202.2              96      0.50462423
    5484           202.2           100.5      0.58723253
    5485           202.2             105      0.69215534
    5486           202.2           109.5      0.82982692
    5487           202.2             114       1.0154506
    5488           202.2           118.5       1.2730286
    5489           202.2             123       1.6401992
    5490           202.2           127.5       2.1734376
    5491           202.2             132       2.9470204
    5492           202.2           136.5       4.0222621
    5493           202.2             141       5.3309149
    5494           202.2           145.5       6.4804125
    5495           202.2             150       6.7759248
    5496           202.2           154.5        5.917256
    5497           202.2             159       4.4824857
    5498           202.2           163.5       3.2329179
    5499           202.2             168       2.4710578
    5500           202.2           172.5       2.1156286
    5501           202.2             177       1.9648349
    5502           202.2           181.5       1.8857376
    5503           202.2             186       1.8920861
    5504           202.2           190.5       2.1022266
    5505           202.2             195       2.6562893
    5506           202.2           199.5       3.6988238
    5507           202.2             204       5.4075027
    5508           202.2           208.5       8.0353461
    5509           202.2             213        12.02372
    5510           202.2           217.5       18.102216
    5511           202.2             222       27.419443
    5512           202.2           226.5       41.478992
    5513           202.2             231       60.999083
    5514           202.2           235.5       82.215804
    5515           202.2             240       93.762714
    5516           202.2           244.5       86.973381
    5517           202.2             249        68.76016
    5518           202.2           253.5       50.432461
    5519           202.2             258       36.492953
    5520           202.2           262.5       26.802541
    5521           202.2             267       20.155647
    5522           202.2           271.5       15.524267
    5523           202.2             276       12.217248
    5524           202.2           280.5       9.7860032
    5525           202.2             285       7.9662397
    5526           202.2           289.5       6.5751993
    5527           202.2             294       5.4843041
    5528           202.2           298.5       4.6223253
    5529           202.2             303       3.9338451
    5530           202.2           307.5       3.3772362
    5531           202.2             312       2.9223308
    5532           202.2           316.5       2.5468866
    5533           202.2             321       2.2342533
    5534           202.2           325.5       1.9717961
    5535           202.2             330       1.7498086
    5536           202.2           334.5       1.5607515
    5537           202.2             339       1.3987085
    5538           202.2           343.5       1.2589935
    5539           202.2             348        1.137863
    5540           202.2           352.5        1.032302
    5541           202.2             357      0.93986471
    5542           202.2           361.5      0.85855259
    5543           202.2             366      0.78672233
    5544           202.2           370.5      0.72301414
    5545           202.2             375      0.66629649
    5546           202.2           379.5      0.61562255
    5547           202.2             384      0.57019598
    5548           202.2           388.5      0.52934373
    5549           202.2             393      0.49249433
    5550           202.2           397.5      0.45916041
    5551           202.2             402      0.42892461
    5552           202.2           406.5      0.40142806
    5553           202.2             411      0.37636103
    5554           202.2           415.5      0.35345527
    5555           202.2             420      0.33247758
    5556           206.5             -30     0.068551066
    5557           206.5           -25.5      0.07112063
    5558           206.5             -21     0.073861266
    5559           206.5           -16.5     0.076790527
    5560           206.5             -12     0.079928399
    5561           206.5            -7.5     0.083297727
    5562           206.5              -3     0.086924712
    5563           206.5             1.5     0.090839529
    5564           206.5               6     0.095077061
    5565           206.5            10.5     0.099677813
    5566           206.5              15      0.10468902
    5567           206.5            19.5      0.11016605
    5568           206.5              24      0.11617408
    5569           206.5            28.5      0.12279035
    5570           206.5              33      0.13010682
    5571           206.5            37.5      0.13823382
    5572           206.5              42      0.14730456
    5573           206.5            46.5      0.15748126
    5574           206.5              51      0.16896325
    5575           206.5            55.5      0.18199799
    5576           206.5              60      0.19689641
    5577           206.5            64.5      0.21405448
    5578           206.5              69      0.23398449
    5579           206.5            73.5      0.25736122
    5580           206.5              78      0.28509175
    5581           206.5            82.5      0.31842368
    5582           206.5              87      0.35911677
    5583           206.5            91.5      0.40972179
    5584           206.5              96      0.47404442
    5585           206.5           100.5       0.5575218
    5586           206.5             105      0.66832461
    5587           206.5           109.5      0.82150912
    5588           206.5             114       1.0413425
    5589           206.5           118.5       1.3696789
    5590           206.5             123       1.8804239
    5591           206.5           127.5        2.705678
    5592           206.5             132       4.0765943
    5593           206.5           136.5       6.3549037
    5594           206.5             141       9.8550733
    5595           206.5           145.5       13.906186
    5596           206.5             150       15.584547
    5597           206.5           154.5        12.79745
    5598           206.5             159       8.2481639
    5599           206.5           163.5       4.7633779
    5600           206.5             168       2.7423076
    5601           206.5           172.5       1.7220622
    5602           206.5             177       1.2802937
    5603           206.5           181.5        1.177545
    5604           206.5             186       1.3287034
    5605           206.5           190.5       1.7510569
    5606           206.5             195       2.5245147
    5607           206.5           199.5       3.7879655
    5608           206.5             204       5.7660045
    5609           206.5           208.5       8.8449236
    5610           206.5             213       13.725328
    5611           206.5           217.5       21.776123
    5612           206.5             222        35.70791
    5613           206.5           226.5       60.835899
    5614           206.5             231       105.56921
    5615           206.5           235.5       170.75588
    5616           206.5             240       212.45653
    5617           206.5           244.5       178.78468
    5618           206.5             249       116.82683
    5619           206.5           253.5       72.180157
    5620           206.5             258       46.162106
    5621           206.5           262.5       31.194542
    5622           206.5             267       22.194481
    5623           206.5           271.5       16.476586
    5624           206.5             276       12.642563
    5625           206.5           280.5       9.9653689
    5626           206.5             285        8.025162
    5627           206.5           289.5       6.5768092
    5628           206.5             294       5.4624656
    5629           206.5           298.5       4.5894747
    5630           206.5             303       3.8982078
    5631           206.5           307.5       3.3427362
    5632           206.5             312       2.8906782
    5633           206.5           316.5       2.5186646
    5634           206.5             321       2.2094881
    5635           206.5           325.5       1.9502557
    5636           206.5             330       1.7311592
    5637           206.5           334.5        1.544636
    5638           206.5             339       1.3847853
    5639           206.5           343.5       1.2469531
    5640           206.5             348       1.1274328
    5641           206.5           352.5       1.0232469
    5642           206.5             357      0.93198337
    5643           206.5           361.5      0.85167409
    5644           206.5             366      0.78070189
    5645           206.5           370.5      0.71772936
    5646           206.5             375      0.66164388
    5647           206.5           379.5      0.61151456
    5648           206.5             384      0.56655843
    5649           206.5           388.5      0.52611367
    5650           206.5             393       0.4896182
    5651           206.5           397.5      0.45659257
    5652           206.5             402      0.42662603
    5653           206.5           406.5       0.3993653
    5654           206.5             411      0.37450538
    5655           206.5           415.5      0.35178196
    5656           206.5             420      0.33096526
    5657           210.8             -30      0.06741836
    5658           210.8           -25.5     0.069876161
    5659           210.8             -21     0.072491286
    5660           210.8           -16.5      0.07527929
    5661           210.8             -12     0.078257836
    5662           210.8            -7.5     0.081447055
    5663           210.8              -3     0.084869984
    5664           210.8             1.5     0.088553098
    5665           210.8               6      0.09252695
    5666           210.8            10.5     0.096826978
    5667           210.8              15      0.10149449
    5668           210.8            19.5      0.10657792
    5669           210.8              24      0.11213437
    5670           210.8            28.5      0.11823167
    5671           210.8              33      0.12495091
    5672           210.8            37.5      0.13238996
    5673           210.8              42      0.14066791
    5674           210.8            46.5      0.14993129
    5675           210.8              51      0.16036253
    5676           210.8            55.5      0.17219178
    5677           210.8              60      0.18571386
    5678           210.8            64.5      0.20131289
    5679           210.8              69      0.21949892
    5680           210.8            73.5      0.24096347
    5681           210.8              78      0.26666577
    5682           210.8            82.5      0.29796923
    5683           210.8              87      0.33686282
    5684           210.8            91.5      0.38632826
    5685           210.8              96      0.45143468
    5686           210.8           100.5      0.53729459
    5687           210.8             105      0.65648872
    5688           210.8           109.5      0.82850209
    5689           210.8             114       1.0876117
    5690           210.8           118.5       1.4968021
    5691           210.8             123       2.1778499
    5692           210.8           127.5       3.3805022
    5693           210.8             132       5.6502005
    5694           210.8           136.5       10.232232
    5695           210.8             141       19.779689
    5696           210.8           145.5       36.739262
    5697           210.8             150       48.180387
    5698           210.8           154.5       34.438397
    5699           210.8             159       17.090554
    5700           210.8           163.5       7.9269723
    5701           210.8             168       3.8004017
    5702           210.8           172.5       1.9607748
    5703           210.8             177       1.1920573
    5704           210.8           181.5      0.99161594
    5705           210.8             186       1.1676563
    5706           210.8           190.5       1.6714288
    5707           210.8             195       2.5577135
    5708           210.8           199.5       3.9645163
    5709           210.8             204       6.1555729
    5710           210.8           208.5       9.6388226
    5711           210.8             213       15.407723
    5712           210.8           217.5       25.624339
    5713           210.8             222       45.421412
    5714           210.8           226.5       88.426373
    5715           210.8             231       194.26235
    5716           210.8           235.5       209.08745
    5717           210.8             240       213.67068
    5718           210.8           244.5       218.09529
    5719           210.8             249       211.55696
    5720           210.8           253.5       102.76105
    5721           210.8             258       57.253882
    5722           210.8           262.5       35.634916
    5723           210.8             267       24.073111
    5724           210.8           271.5       17.276227
    5725           210.8             276       12.968711
    5726           210.8           280.5       10.072535
    5727           210.8             285       8.0320153
    5728           210.8           289.5       6.5398002
    5729           210.8             294       5.4154221
    5730           210.8           298.5       4.5332674
    5731           210.8             303       3.8440364
    5732           210.8           307.5       3.2932962
    5733           210.8             312       2.8468338
    5734           210.8           316.5       2.4803951
    5735           210.8             321       2.1763751
    5736           210.8           325.5        1.921732
    5737           210.8             330       1.7066327
    5738           210.8           334.5       1.5235478
    5739           210.8             339       1.3666337
    5740           210.8           343.5       1.2313005
    5741           210.8             348       1.1139038
    5742           210.8           352.5       1.0115223
    5743           210.8             357      0.92179348
    5744           210.8           361.5      0.84279174
    5745           210.8             366      0.77293585
    5746           210.8           370.5      0.71091875
    5747           210.8             375      0.65565315
    5748           210.8           379.5      0.60622935
    5749           210.8             384      0.56188205
    5750           210.8           388.5      0.52196421
    5751           210.8             393       0.4859261
    5752           210.8           397.5      0.45329856
    5753           210.8             402      0.42367951
    5754           210.8           406.5      0.39672296
    5755           210.8             411      0.37213001
    5756           210.8           415.5      0.34964155
    5757           210.8             420      0.32903215
    5758           215.1             -30      0.06629761
    5759           215.1           -25.5     0.068647464
    5760           215.1             -21      0.07114171
    5761           215.1           -16.5     0.073794087
    5762           215.1             -12     0.076620152
    5763           215.1            -7.5     0.079637599
    5764           215.1              -3     0.082866642
    5765           215.1             1.5     0.086330476
    5766           215.1               6     0.090055858
    5767           215.1            10.5      0.09407382
    5768           215.1              15     0.098420577
    5769           215.1            19.5      0.10313867
    5770           215.1              24      0.10827844
    5771           215.1            28.5      0.11389997
    5772           215.1              33      0.12007559
    5773           215.1            37.5      0.12689329
    5774           215.1              42      0.13446138
    5775           215.1            46.5      0.14291481
    5776           215.1              51      0.15242419
    5777           215.1            55.5      0.16320862
    5778           215.1              60      0.17555431
    5779           215.1            64.5      0.18984222
    5780           215.1              69       0.2065897
    5781           215.1            73.5      0.22651451
    5782           215.1              78      0.25063509
    5783           215.1            82.5        0.280431
    5784           215.1              87      0.31810517
    5785           215.1            91.5      0.36702303
    5786           215.1              96      0.43284327
    5787           215.1           100.5      0.52189765
    5788           215.1             105      0.64898675
    5789           215.1           109.5       0.8378345
    5790           215.1             114       1.1313837
    5791           215.1           118.5       1.6118171
    5792           215.1             123       2.4480357
    5793           215.1           127.5        4.021209
    5794           215.1             132       7.3056088
    5795           215.1           136.5       15.239819
    5796           215.1             141       38.737854
    5797           215.1           145.5       123.93321
    5798           215.1             150       259.68809
    5799           215.1           154.5       118.11761
    5800           215.1             159       34.427709
    5801           215.1           163.5       12.298607
    5802           215.1             168       5.1766263
    5803           215.1           172.5       2.4478525
    5804           215.1             177       1.3625038
    5805           215.1           181.5       1.0489789
    5806           215.1             186       1.2025103
    5807           215.1           190.5       1.7284832
    5808           215.1             195       2.6631151
    5809           215.1           199.5       4.1451031
    5810           215.1             204        6.465249
    5811           215.1           208.5       10.209242
    5812           215.1             213        16.58488
    5813           215.1           217.5       28.391561
    5814           215.1             222       52.996168
    5815           215.1           226.5       114.10003
    5816           215.1             231        206.5282
    5817           215.1           235.5       211.01989
    5818           215.1             240       215.40561
    5819           215.1           244.5       219.67612
    5820           215.1             249       223.82934
    5821           215.1           253.5       130.67997
    5822           215.1             258       65.565103
    5823           215.1           262.5       38.560802
    5824           215.1             267       25.169247
    5825           215.1           271.5       17.662415
    5826           215.1             276       13.060336
    5827           215.1           280.5        10.04069
    5828           215.1             285       7.9519052
    5829           215.1           289.5       6.4454776
    5830           215.1             294       5.3221813
    5831           215.1           298.5       4.4480374
    5832           215.1             303       3.7682601
    5833           215.1           307.5       3.2272897
    5834           215.1             312       2.7899778
    5835           215.1           316.5       2.4317075
    5836           215.1             321       2.1347906
    5837           215.1           325.5       1.8862328
    5838           215.1             330       1.6763029
    5839           215.1           334.5       1.4975897
    5840           215.1             339       1.3443655
    5841           215.1           343.5       1.2121456
    5842           215.1             348       1.0973781
    5843           215.1           352.5      0.99722053
    5844           215.1             357      0.90937696
    5845           215.1           361.5      0.83197732
    5846           215.1             366      0.76348671
    5847           215.1           370.5      0.70263644
    5848           215.1             375      0.64837105
    5849           215.1           379.5      0.59980724
    5850           215.1             384      0.55620162
    5851           215.1           388.5      0.51692537
    5852           215.1             393       0.4814439
    5853           215.1           397.5      0.44930075
    5854           215.1             402      0.42010443
    5855           215.1           406.5      0.39351782
    5856           215.1             411      0.36924952
    5857           215.1           415.5      0.34704672
    5858           215.1             420      0.32668933
    5859           219.4             -30     0.065193214
    5860           219.4           -25.5     0.067439446
    5861           219.4             -21     0.069818016
    5862           219.4           -16.5     0.072341022
    5863           219.4             -12     0.075022143
    5864           219.4            -7.5     0.077876908
    5865           219.4              -3     0.080923039
    5866           219.4             1.5     0.084180869
    5867           219.4               6      0.08767386
    5868           219.4            10.5     0.091429267
    5869           219.4              15     0.095478977
    5870           219.4            19.5     0.099860595
    5871           219.4              24      0.10461887
    5872           219.4            28.5      0.10980755
    5873           219.4              33      0.11549195
    5874           219.4            37.5      0.12175236
    5875           219.4              42      0.12868878
    5876           219.4            46.5      0.13642762
    5877           219.4              51      0.14513112
    5878           219.4            55.5      0.15501107
    5879           219.4              60      0.16634889
    5880           219.4            64.5      0.17952556
    5881           219.4              69      0.19506703
    5882           219.4            73.5      0.21371411
    5883           219.4              78       0.2365323
    5884           219.4            82.5      0.26508746
    5885           219.4              87      0.30173295
    5886           219.4            91.5      0.35009076
    5887           219.4              96      0.41621969
    5888           219.4           100.5       0.5071537
    5889           219.4             105      0.63901728
    5890           219.4           109.5      0.83793263
    5891           219.4             114       1.1516337
    5892           219.4           118.5        1.672859
    5893           219.4             123        2.596904
    5894           219.4           127.5       4.3824303
    5895           219.4             132       8.2841166
    5896           219.4           136.5       18.598678
    5897           219.4             141       56.572767
    5898           219.4           145.5       270.57146
    5899           219.4             150       265.35718
    5900           219.4           154.5        260.3078
    5901           219.4             159       51.130077
    5902           219.4           163.5       15.427775
    5903           219.4             168       6.1430694
    5904           219.4           172.5       2.8600653
    5905           219.4             177       1.5826518
    5906           219.4           181.5       1.1922463
    5907           219.4             186       1.3167731
    5908           219.4           190.5       1.8354267
    5909           219.4             195       2.7729004
    5910           219.4           199.5       4.2630109
    5911           219.4             204       6.5985065
    5912           219.4           208.5       10.375925
    5913           219.4             213       16.838649
    5914           219.4           217.5       28.863218
    5915           219.4             222       54.077759
    5916           219.4           226.5       117.27278
    5917           219.4             231       209.04511
    5918           219.4           235.5       213.31998
    5919           219.4             240        217.5177
    5920           219.4           244.5       221.63101
    5921           219.4             249       225.65712
    5922           219.4           253.5       133.34005
    5923           219.4             258       66.142293
    5924           219.4           262.5        38.55785
    5925           219.4             267       24.981651
    5926           219.4           271.5       17.424244
    5927           219.4             276       12.822685
    5928           219.4           280.5       9.8231003
    5929           219.4             285       7.7606282
    5930           219.4           289.5       6.2809494
    5931           219.4             294       5.1823693
    5932           219.4           298.5        4.330005
    5933           219.4             303       3.6689155
    5934           219.4           307.5        3.143761
    5935           219.4             312       2.7197118
    5936           219.4           316.5       2.3725061
    5937           219.4             321       2.0847969
    5938           219.4           325.5       1.8438966
    5939           219.4             330       1.6403387
    5940           219.4           334.5       1.4669359
    5941           219.4             339       1.3181468
    5942           219.4           343.5       1.1896406
    5943           219.4             348       1.0779918
    5944           219.4           352.5      0.98046145
    5945           219.4             357      0.89483818
    5946           219.4           361.5      0.81932123
    5947           219.4             366      0.75243239
    5948           219.4           370.5      0.69294947
    5949           219.4             375      0.63985521
    5950           219.4           379.5      0.59229775
    5951           219.4             384      0.54955972
    5952           219.4           388.5      0.51103377
    5953           219.4             393       0.4762032
    5954           219.4           397.5      0.44462642
    5955           219.4             402      0.41592435
    5956           219.4           406.5      0.38977031
    5957           219.4             411      0.36588164
    5958           219.4           415.5       0.3440129
    5959           219.4             420      0.32395025
    5960           223.7             -30     0.064108989
    5961           223.7           -25.5     0.066256328
    5962           223.7             -21     0.068524854
    5963           223.7           -16.5     0.070925213
    5964           223.7             -12     0.073469418
    5965           223.7            -7.5       0.0761711
    5966           223.7              -3      0.07904581
    5967           223.7             1.5     0.082111405
    5968           223.7               6     0.085388524
    5969           223.7            10.5     0.088901216
    5970           223.7              15     0.092677727
    5971           223.7            19.5     0.096751558
    5972           223.7              24      0.10116285
    5973           223.7            28.5      0.10596023
    5974           223.7              33      0.11120336
    5975           223.7            37.5      0.11696643
    5976           223.7              42      0.12334297
    5977           223.7            46.5      0.13045275
    5978           223.7              51      0.13845156
    5979           223.7            55.5       0.1475455
    5980           223.7              60      0.15801185
    5981           223.7            64.5       0.1702303
    5982           223.7              69       0.1847301
    5983           223.7            73.5      0.20226253
    5984           223.7              78      0.22391402
    5985           223.7            82.5      0.25128606
    5986           223.7              87       0.2867873
    5987           223.7            91.5      0.33411903
    5988           223.7              96      0.39948841
    5989           223.7           100.5      0.48993935
    5990           223.7             105       0.6217526
    5991           223.7           109.5      0.82099079
    5992           223.7             114       1.1347935
    5993           223.7           118.5       1.6536008
    5994           223.7             123       2.5647458
    5995           223.7           127.5       4.2977214
    5996           223.7             132       7.9818182
    5997           223.7           136.5       17.206293
    5998           223.7             141        46.91134
    5999           223.7           145.5       184.51997
    6000           223.7             150        270.9715
    6001           223.7           154.5       177.60842
    6002           223.7             159       42.614938
    6003           223.7           163.5       14.483493
    6004           223.7             168       6.1100454
    6005           223.7           172.5        2.982147
    6006           223.7             177       1.7269582
    6007           223.7           181.5       1.3294992
    6008           223.7             186       1.4396345
    6009           223.7           190.5        1.937499
    6010           223.7             195       2.8430402
    6011           223.7           199.5       4.2778931
    6012           223.7             204       6.5091519
    6013           223.7           208.5       10.074616
    6014           223.7             213       16.045188
    6015           223.7           217.5       26.775532
    6016           223.7             222       47.935911
    6017           223.7           226.5       94.978442
    6018           223.7             231       211.81227
    6019           223.7           235.5       215.88575
    6020           223.7             240       219.90308
    6021           223.7           244.5       223.85811
    6022           223.7             249       227.74751
    6023           223.7           253.5       107.89159
    6024           223.7             258       58.334677
    6025           223.7           262.5       35.408632
    6026           223.7             267       23.419418
    6027           223.7           271.5        16.51718
    6028           223.7             276        12.23198
    6029           223.7           280.5       9.4065498
    6030           223.7             285       7.4507804
    6031           223.7           289.5        6.042144
    6032           223.7             294       4.9938569
    6033           223.7           298.5        4.178165
    6034           223.7             303       3.5456489
    6035           223.7           307.5       3.0427172
    6036           223.7             312       2.6362307
    6037           223.7           316.5       2.3030718
    6038           223.7             321       2.0267031
    6039           223.7           325.5       1.7950285
    6040           223.7             330        1.599025
    6041           223.7           334.5       1.4318437
    6042           223.7             339       1.2882054
    6043           223.7           343.5       1.1639844
    6044           223.7             348       1.0559171
    6045           223.7           352.5      0.96139306
    6046           223.7             357      0.87830406
    6047           223.7           361.5      0.80493208
    6048           223.7             366      0.73986577
    6049           223.7           370.5      0.68193726
    6050           223.7             375      0.63017356
    6051           223.7           379.5      0.58375909
    6052           223.7             384      0.54200626
    6053           223.7           388.5      0.50433231
    6054           223.7             393      0.47024091
    6055           223.7           397.5      0.43930738
    6056           223.7             402      0.41116679
    6057           223.7           406.5      0.38550425
    6058           223.7             411      0.36204703
    6059           223.7           415.5      0.34055806
    6060           223.7             420      0.32083056
    6061             228             -30     0.063048175
    6062             228           -25.5     0.065101637
    6063             228             -21      0.06726606
    6064             228           -16.5     0.069550804
    6065             228             -12     0.071966431
    6066             228            -7.5     0.074524919
    6067             228              -3     0.077239949
    6068             228             1.5     0.080127257
    6069             228               6     0.083205089
    6070             228            10.5     0.086494786
    6071             228              15     0.090021558
    6072             228            19.5     0.093815503
    6073             228              24     0.097912966
    6074             228            28.5      0.10235839
    6075             228              33      0.10720684
    6076             228            37.5      0.11252752
    6077             228              42      0.11840862
    6078             228            46.5      0.12496431
    6079             228              51      0.13234461
    6080             228            55.5      0.14074976
    6081             228              60      0.15045125
    6082             228            64.5      0.16182295
    6083             228              69      0.17538793
    6084             228            73.5      0.19188962
    6085             228              78       0.2124019
    6086             228            82.5      0.23850191
    6087             228              87      0.27254697
    6088             228            91.5      0.31812765
    6089             228              96      0.38134029
    6090             228           100.5      0.46853393
    6091             228             105      0.59500568
    6092             228           109.5       0.7844118
    6093             228             114       1.0783005
    6094             228           118.5       1.5533058
    6095             228             123       2.3595735
    6096             228           127.5        3.813684
    6097             228             132       6.6422279
    6098             228           136.5       12.655749
    6099             228             141       26.421356
    6100             228           145.5       55.187931
    6101             228             150       78.828385
    6102             228           154.5       52.862728
    6103             228             159       23.973446
    6104             228           163.5       10.731321
    6105             228             168       5.2068651
    6106             228           172.5       2.7945493
    6107             228             177       1.7516938
    6108             228           181.5       1.4162651
    6109             228             186       1.5295359
    6110             228           190.5       2.0038616
    6111             228             195       2.8514416
    6112             228           199.5       4.1803175
    6113             228             204       6.2100486
    6114             228           208.5       9.3658268
    6115             228             213       14.440232
    6116             228           217.5       22.997762
    6117             228             222       38.211633
    6118             228           226.5       66.499546
    6119             228             231       118.79303
    6120             228           235.5       198.46251
    6121             228             240       222.49021
    6122             228           244.5       205.53133
    6123             228             249       128.33697
    6124             228           253.5       75.764047
    6125             228             258       46.475824
    6126             228           262.5       30.255558
    6127             228             267       20.844845
    6128             228           271.5       15.072339
    6129             228             276       11.340623
    6130             228           280.5       8.8137898
    6131             228             285       7.0330723
    6132             228           289.5       5.7345822
    6133             228             294       4.7533743
    6134             228           298.5        3.994589
    6135             228             303       3.3999089
    6136             228           307.5       2.9252499
    6137             228             312        2.540399
    6138             228           316.5       2.2241103
    6139             228             321       1.9610945
    6140             228           325.5       1.7401182
    6141             228             330        1.552773
    6142             228           334.5       1.3926594
    6143             228             339       1.2548332
    6144             228           343.5       1.1354232
    6145             228             348       1.0313617
    6146             228           352.5      0.94019106
    6147             228             357      0.85992332
    6148             228           361.5      0.78893588
    6149             228             366      0.72589383
    6150             228           370.5      0.66969079
    6151             228             375      0.61940366
    6152             228           379.5      0.57425747
    6153             228             384       0.5335979
    6154             228           388.5      0.49686959
    6155             228             393       0.4635988
    6156             228           397.5      0.43337966
    6157             228             402      0.40586284
    6158             228           406.5      0.38074656
    6159             228             411      0.35776907
    6160             228           415.5      0.33670254
    6161             228             420        0.317348
    6162           232.3             -30     0.062013438
    6163           232.3           -25.5     0.063978233
    6164           232.3             -21     0.066044676
    6165           232.3           -16.5     0.068221011
    6166           232.3             -12     0.070516537
    6167           232.3            -7.5     0.072941815
    6168           232.3              -3     0.075508926
    6169           232.3             1.5     0.078231807
    6170           232.3               6     0.081126681
    6171           232.3            10.5     0.084212625
    6172           232.3              15     0.087512316
    6173           232.3            19.5     0.091053021
    6174           232.3              24     0.094867943
    6175           232.3            28.5     0.098998038
    6176           232.3              33      0.10349451
    6177           232.3            37.5      0.10842229
    6178           232.3              42      0.11386486
    6179           232.3            46.5      0.11993106
    6180           232.3              51       0.1267649
    6181           232.3            55.5      0.13455946
    6182           232.3              60       0.1435773
    6183           232.3            64.5      0.15418028
    6184           232.3              69      0.16687385
    6185           232.3            73.5      0.18237359
    6186           232.3              78      0.20170648
    6187           232.3            82.5      0.22636712
    6188           232.3              87      0.25856304
    6189           232.3            91.5      0.30160674
    6190           232.3              96      0.36055597
    6191           232.3           100.5      0.44263515
    6192           232.3             105      0.55918056
    6193           232.3           109.5      0.73055979
    6194           232.3             114      0.98972453
    6195           232.3           118.5       1.3937548
    6196           232.3             123       2.0450303
    6197           232.3           127.5       3.1329944
    6198           232.3             132       5.0118983
    6199           232.3           136.5       8.3040704
    6200           232.3             141       13.776409
    6201           232.3           145.5        20.83281
    6202           232.3             150       24.366224
    6203           232.3           154.5       19.892948
    6204           232.3             159       12.485824
    6205           232.3           163.5       7.0877709
    6206           232.3             168       4.0235038
    6207           232.3           172.5       2.4284025
    6208           232.3             177       1.6776291
    6209           232.3           181.5       1.4440881
    6210           232.3             186       1.5768016
    6211           232.3           190.5       2.0236679
    6212           232.3             195       2.7965433
    6213           232.3           199.5       3.9825692
    6214           232.3             204       5.7503388
    6215           232.3           208.5       8.3977358
    6216           232.3             213       12.437481
    6217           232.3           217.5       18.743189
    6218           232.3             222       28.733776
    6219           232.3           226.5       44.357382
    6220           232.3             231       66.803946
    6221           232.3           235.5       91.789293
    6222           232.3             240       104.99707
    6223           232.3           244.5       95.417972
    6224           232.3             249       72.557418
    6225           232.3           253.5       50.767749
    6226           232.3             258       35.018432
    6227           232.3           262.5        24.61057
    6228           232.3             267       17.823548
    6229           232.3           271.5       13.321763
    6230           232.3             276        10.25176
    6231           232.3           280.5       8.0939967
    6232           232.3             285       6.5324916
    6233           232.3           289.5       5.3717585
    6234           232.3             294       4.4791853
    6235           232.3           298.5       3.7841044
    6236           232.3             303       3.2348035
    6237           232.3           307.5       2.7934715
    6238           232.3             312       2.4337222
    6239           232.3           316.5       2.1367377
    6240           232.3             321        1.888825
    6241           232.3           325.5        1.679835
    6242           232.3             330       1.5021171
    6243           232.3           334.5       1.3498153
    6244           232.3             339       1.2183835
    6245           232.3           343.5       1.1042482
    6246           232.3             348       1.0045672
    6247           232.3           352.5      0.91705695
    6248           232.3             357       0.8398647
    6249           232.3           361.5      0.77147456
    6250           232.3             366      0.71063632
    6251           232.3           370.5      0.65631146
    6252           232.3             375      0.60763162
    6253           232.3           379.5      0.56386625
    6254           232.3             384      0.52439734
    6255           232.3           388.5       0.4886993
    6256           232.3             393      0.45632302
    6257           232.3           397.5      0.42688297
    6258           232.3             402      0.40004682
    6259           232.3           406.5      0.37552695
    6260           232.3             411      0.35307353
    6261           232.3           415.5      0.33246875
    6262           232.3             420      0.31352213
    6263           236.6             -30     0.061006892
    6264           236.6           -25.5     0.062888329
    6265           236.6             -21     0.064862994
    6266           236.6           -16.5     0.066938167
    6267           236.6             -12     0.069122068
    6268           236.6            -7.5     0.071424044
    6269           236.6              -3     0.073854822
    6270           236.6             1.5     0.076426819
    6271           236.6               6     0.079154564
    6272           236.6            10.5     0.082055236
    6273           236.6              15     0.085149391
    6274           236.6            19.5      0.08846193
    6275           236.6              24     0.092023404
    6276           236.6            28.5     0.095871787
    6277           236.6              33      0.10005491
    6278           236.6            37.5      0.10463383
    6279           236.6              42      0.10968749
    6280           236.6            46.5      0.11531928
    6281           236.6              51      0.12166633
    6282           236.6            55.5      0.12891267
    6283           236.6              60      0.13730821
    6284           236.6            64.5       0.1471962
    6285           236.6              69      0.15905334
    6286           236.6            73.5      0.17354897
    6287           236.6              78      0.19163342
    6288           236.6            82.5      0.21467115
    6289           236.6              87       0.2446442
    6290           236.6            91.5      0.28446734
    6291           236.6              96      0.33848336
    6292           236.6           100.5      0.41306465
    6293           236.6             105      0.51657058
    6294           236.6           109.5      0.66502893
    6295           236.6             114      0.88220603
    6296           236.6           118.5        1.206035
    6297           236.6             123       1.6972191
    6298           236.6           127.5       2.4508329
    6299           236.6             132       3.6036086
    6300           236.6           136.5        5.301902
    6301           236.6             141       7.5289759
    6302           236.6           145.5       9.6978681
    6303           236.6             150       10.518087
    6304           236.6           154.5       9.2529388
    6305           236.6             159       6.8362459
    6306           236.6           163.5       4.5749493
    6307           236.6             168       2.9833194
    6308           236.6           172.5        2.027592
    6309           236.6             177       1.5493147
    6310           236.6           181.5       1.4229368
    6311           236.6             186        1.578682
    6312           236.6           190.5       1.9956384
    6313           236.6             195       2.6838882
    6314           236.6           199.5       3.7116917
    6315           236.6             204       5.1971328
    6316           236.6           208.5       7.3306839
    6317           236.6             213        10.40601
    6318           236.6           217.5       14.844882
    6319           236.6             222       21.165778
    6320           236.6           226.5       29.746443
    6321           236.6             231        40.11374
    6322           236.6           235.5       49.829992
    6323           236.6             240       54.646089
    6324           236.6           244.5       51.959339
    6325           236.6             249        43.77931
    6326           236.6           253.5       34.208512
    6327           236.6             258       25.874235
    6328           236.6           262.5       19.488875
    6329           236.6             267       14.839835
    6330           236.6           271.5       11.497715
    6331           236.6             276       9.0806568
    6332           236.6           280.5       7.3068317
    6333           236.6             285       5.9813001
    6334           236.6           289.5       4.9719026
    6335           236.6             294       4.1776006
    6336           236.6           298.5       3.5534911
    6337           236.6             303       3.0546861
    6338           236.6           307.5       2.6502953
    6339           236.6             312       2.3182269
    6340           236.6           316.5       2.0424134
    6341           236.6             321       1.8109779
    6342           236.6           325.5       1.6150037
    6343           236.6             330       1.4476988
    6344           236.6           334.5       1.3038191
    6345           236.6             339        1.179264
    6346           236.6           343.5       1.0707903
    6347           236.6             348      0.97580487
    6348           236.6           352.5       0.8922146
    6349           236.6             357      0.81831433
    6350           236.6           361.5      0.75270372
    6351           236.6             366      0.69422399
    6352           236.6           370.5      0.64190962
    6353           236.6             375      0.59495093
    6354           236.6           379.5      0.55266494
    6355           236.6             384      0.51447241
    6356           236.6           388.5      0.47987955
    6357           236.6             393      0.44846344
    6358           236.6           397.5      0.41986029
    6359           236.6             402      0.39375583
    6360           236.6           406.5      0.36987756
    6361           236.6             411      0.34798832
    6362           236.6           415.5      0.32788099
    6363           236.6             420      0.30937412
    6364           240.9             -30     0.060030127
    6365           240.9           -25.5     0.061833531
    6366           240.9             -21     0.063722603
    6367           240.9           -16.5     0.065703799
    6368           240.9             -12     0.067784418
    6369           240.9            -7.5     0.069972784
    6370           240.9              -3     0.072278479
    6371           240.9             1.5     0.074712647
    6372           240.9               6     0.077288393
    6373           240.9            10.5     0.080021305
    6374           240.9              15     0.082930155
    6375           240.9            19.5     0.086037831
    6376           240.9              24     0.089372595
    6377           240.9            28.5     0.092969789
    6378           240.9              33     0.096874161
    6379           240.9            37.5      0.10114306
    6380           240.9              42      0.10585084
    6381           240.9            46.5        0.111095
    6382           240.9              51      0.11700472
    6383           240.9            55.5      0.12375294
    6384           240.9              60      0.13157337
    6385           240.9            64.5      0.14078478
    6386           240.9              69      0.15182582
    6387           240.9            73.5      0.16530527
    6388           240.9              78      0.18207517
    6389           240.9            82.5        0.203338
    6390           240.9              87      0.23080486
    6391           240.9            91.5      0.26693082
    6392           240.9              96      0.31526697
    6393           240.9           100.5       0.3812986
    6394           240.9             105      0.47035213
    6395           240.9           109.5      0.59440133
    6396           240.9             114      0.76920651
    6397           240.9           118.5       1.0175767
    6398           240.9             123       1.3713327
    6399           240.9           127.5       1.8709802
    6400           240.9             132        2.556536
    6401           240.9           136.5       3.4352108
    6402           240.9             141       4.4108674
    6403           240.9           145.5       5.2093662
    6404           240.9             150       5.4538435
    6405           240.9           154.5       4.9808749
    6406           240.9             159       4.0351801
    6407           240.9           163.5       3.0235831
    6408           240.9             168       2.2099398
    6409           240.9           172.5       1.6744918
    6410           240.9             177       1.4050364
    6411           240.9           181.5       1.3687378
    6412           240.9             186       1.5428521
    6413           240.9           190.5       1.9276637
    6414           240.9             195       2.5290282
    6415           240.9           199.5       3.3989927
    6416           240.9             204       4.6148053
    6417           240.9           208.5        6.287438
    6418           240.9             213       8.5680995
    6419           240.9           217.5       11.632388
    6420           240.9             222       15.619945
    6421           240.9           226.5        20.48095
    6422           240.9             231       25.714472
    6423           240.9           235.5       30.172481
    6424           240.9             240       32.383219
    6425           240.9           244.5       31.539227
    6426           240.9             249       28.178511
    6427           240.9           253.5        23.65557
    6428           240.9             258       19.155207
    6429           240.9           262.5       15.279749
    6430           240.9             267       12.175208
    6431           240.9           271.5       9.7689145
    6432           240.9             276       7.9240592
    6433           240.9           280.5       6.5077535
    6434           240.9             285       5.4118384
    6435           240.9           289.5       4.5543517
    6436           240.9             294        3.860784
    6437           240.9           298.5       3.3104518
    6438           240.9             303       2.8645925
    6439           240.9           307.5       2.4991203
    6440           240.9             312       2.1962787
    6441           240.9           316.5       1.9428326
    6442           240.9             321       1.7288003
    6443           240.9           325.5       1.5465639
    6444           240.9             330       1.3902407
    6445           240.9           334.5       1.2552364
    6446           240.9             339       1.1379241
    6447           240.9           343.5       1.0354112
    6448           240.9             348      0.94536894
    6449           240.9           352.5      0.86590566
    6450           240.9             357      0.79547214
    6451           240.9           361.5      0.73278989
    6452           240.9             366      0.67679637
    6453           240.9           370.5      0.62660276
    6454           240.9             375      0.58146101
    6455           240.9           379.5      0.54073802
    6456           240.9             384      0.50389517
    6457           240.9           388.5      0.47047198
    6458           240.9             393      0.44007302
    6459           240.9           397.5      0.41235723
    6460           240.9             402      0.38702928
    6461           240.9           406.5      0.36383253
    6462           240.9             411       0.3425431
    6463           240.9           415.5       0.3229651
    6464           240.9             420      0.30492656
    6465           245.2             -30     0.059084245
    6466           245.2           -25.5     0.060814886
    6467           245.2             -21      0.06262445
    6468           245.2           -16.5     0.064518696
    6469           245.2             -12     0.066504144
    6470           245.2            -7.5     0.068588258
    6471           245.2              -3     0.070779661
    6472           245.2             1.5     0.073088429
    6473           245.2               6      0.07552647
    6474           245.2            10.5     0.078108032
    6475           245.2              15     0.080850364
    6476           245.2            19.5     0.083774614
    6477           245.2              24     0.086907017
    6478           245.2            28.5     0.090280512
    6479           245.2              33     0.093936922
    6480           245.2            37.5      0.09792992
    6481           245.2              42      0.10232909
    6482           245.2            46.5      0.10722551
    6483           245.2              51      0.11273939
    6484           245.2            55.5      0.11903078
    6485           245.2              60      0.12631431
    6486           245.2            64.5      0.13487988
    6487           245.2              69      0.14512163
    6488           245.2            73.5      0.15757869
    6489           245.2              78       0.1729928
    6490           245.2            82.5      0.19238967
    6491           245.2              87      0.21719438
    6492           245.2            91.5      0.24939431
    6493           245.2              96      0.29176801
    6494           245.2           100.5      0.34820158
    6495           245.2             105      0.42367076
    6496           245.2           109.5      0.52447071
    6497           245.2             114      0.66109087
    6498           245.2           118.5      0.84604778
    6499           245.2             123       1.0940972
    6500           245.2           127.5       1.4192193
    6501           245.2             132       1.8263932
    6502           245.2           136.5       2.2952419
    6503           245.2             141       2.7586171
    6504           245.2           145.5       3.0971887
    6505           245.2             150       3.1851109
    6506           245.2           154.5       2.9794312
    6507           245.2             159       2.5634657
    6508           245.2           163.5       2.0865794
    6509           245.2             168       1.6745254
    6510           245.2           172.5       1.3941668
    6511           245.2             177       1.2674238
    6512           245.2           181.5       1.2962198
    6513           245.2             186       1.4799642
    6514           245.2           190.5       1.8247841
    6515           245.2             195       2.3483776
    6516           245.2           199.5       3.0726348
    6517           245.2             204       4.0496109
    6518           245.2           208.5        5.339505
    6519           245.2             213       7.0111115
    6520           245.2           217.5         9.12245
    6521           245.2             222       11.677913
    6522           245.2           226.5        14.55545
    6523           245.2             231       17.425857
    6524           245.2           235.5       19.745883
    6525           245.2             240       20.932172
    6526           245.2           244.5        20.68015
    6527           245.2             249       19.158129
    6528           245.2           253.5       16.872289
    6529           245.2             258       14.360129
    6530           245.2           262.5       11.989312
    6531           245.2             267       9.9321383
    6532           245.2           271.5       8.2273381
    6533           245.2             276       6.8468752
    6534           245.2           280.5       5.7392993
    6535           245.2             285       4.8513813
    6536           245.2           289.5       4.1262684
    6537           245.2             294       3.5403189
    6538           245.2           298.5       3.0626235
    6539           245.2             303       2.6696658
    6540           245.2           307.5       2.3434904
    6541           245.2             312        2.070378
    6542           245.2           316.5       1.8398004
    6543           245.2             321       1.6436249
    6544           245.2           325.5       1.4755198
    6545           245.2             330       1.3305136
    6546           245.2           334.5       1.2046689
    6547           245.2             339       1.0948402
    6548           245.2           343.5      0.99849319
    6549           245.2             348      0.91356936
    6550           245.2           352.5       0.8383839
    6551           245.2             357      0.77154762
    6552           245.2           361.5      0.71190726
    6553           245.2             366      0.65849922
    6554           245.2           370.5      0.61051354
    6555           245.2             375      0.56726559
    6556           245.2           379.5      0.52817359
    6557           245.2             384      0.49274077
    6558           245.2           388.5      0.46054098
    6559           245.2             393      0.43120707
    6560           245.2           397.5      0.40442147
    6561           245.2             402      0.37990842
    6562           245.2           406.5      0.35742762
    6563           245.2             411      0.33676898
    6564           245.2           415.5       0.3177482
    6565           245.2             420      0.30020314
    6566           249.5             -30     0.058169897
    6567           249.5           -25.5     0.059832926
    6568           249.5             -21     0.061568901
    6569           249.5           -16.5     0.063382989
    6570           249.5             -12     0.065281062
    6571           249.5            -7.5     0.067269862
    6572           249.5              -3     0.069357209
    6573           249.5             1.5     0.071552284
    6574           249.5               6     0.073865989
    6575           249.5            10.5     0.076311428
    6576           249.5              15     0.078904534
    6577           249.5            19.5     0.081664917
    6578           249.5              24     0.084616974
    6579           249.5            28.5      0.08779139
    6580           249.5              33     0.091227142
    6581           249.5            37.5     0.094974202
    6582           249.5              42     0.099097178
    6583           249.5            46.5      0.10368026
    6584           249.5              51      0.10883389
    6585           249.5            55.5      0.11470393
    6586           249.5              60      0.12148404
    6587           249.5            64.5      0.12943263
    6588           249.5              69      0.13889605
    6589           249.5            73.5      0.15034018
    6590           249.5              78      0.16439354
    6591           249.5            82.5      0.18190565
    6592           249.5              87      0.20402567
    6593           249.5            91.5      0.23230638
    6594           249.5              96      0.26883843
    6595           249.5           100.5      0.31641519
    6596           249.5             105      0.37905733
    6597           249.5           109.5      0.45935784
    6598           249.5             114      0.56409833
    6599           249.5           118.5      0.69953283
    6600           249.5             123      0.87149209
    6601           249.5           127.5       1.0828116
    6602           249.5             132       1.3286061
    6603           249.5           136.5       1.5897111
    6604           249.5             141       1.8277816
    6605           249.5           145.5        1.989971
    6606           249.5             150       2.0297918
    6607           249.5           154.5       1.9356532
    6608           249.5             159       1.7425039
    6609           249.5           163.5       1.5139364
    6610           249.5             168       1.3124244
    6611           249.5           172.5       1.1816008
    6612           249.5             177       1.1454349
    6613           249.5           181.5       1.2157182
    6614           249.5             186       1.4000524
    6615           249.5           190.5       1.7075226
    6616           249.5             195       2.1520787
    6617           249.5           199.5       2.7523209
    6618           249.5             204       3.5291307
    6619           249.5           208.5       4.5162629
    6620           249.5             213       5.7395534
    6621           249.5           217.5        7.207029
    6622           249.5             222       8.8850825
    6623           249.5           226.5       10.668417
    6624           249.5             231       12.359833
    6625           249.5           235.5       13.690237
    6626           249.5             240       14.400967
    6627           249.5           244.5       14.359062
    6628           249.5             249       13.622597
    6629           249.5           253.5       12.400814
    6630           249.5             258       10.947952
    6631           249.5           262.5       9.4730246
    6632           249.5             267       8.1056308
    6633           249.5           271.5       6.9048068
    6634           249.5             276       5.8831371
    6635           249.5           280.5       5.0287216
    6636           249.5             285       4.3128276
    6637           249.5           289.5       3.7182186
    6638           249.5             294        3.226022
    6639           249.5           298.5       2.8168174
    6640           249.5             303        2.474676
    6641           249.5           307.5       2.1867917
    6642           249.5             312       1.9429674
    6643           249.5           316.5       1.7351095
    6644           249.5             321       1.5567901
    6645           249.5           325.5       1.4028876
    6646           249.5             330       1.2693015
    6647           249.5           334.5       1.1527304
    6648           249.5             339       1.0504993
    6649           249.5           343.5      0.96042703
    6650           249.5             348      0.88072319
    6651           249.5           352.5      0.80990895
    6652           249.5             357      0.74675515
    6653           249.5           361.5      0.69023413
    6654           249.5             366      0.63948178
    6655           249.5           370.5      0.59376762
    6656           249.5             375      0.55247101
    6657           249.5           379.5      0.51506208
    6658           249.5             384      0.48108642
    6659           249.5           388.5      0.45015269
    6660           249.5             393       0.4219225
    6661           249.5           397.5      0.39610214
    6662           249.5             402      0.37243576
    6663           249.5           406.5      0.35069977
    6664           249.5             411      0.33069811
    6665           249.5           415.5      0.31225835
    6666           249.5             420      0.29522843
    6667           253.8             -30     0.057287327
    6668           253.8           -25.5      0.05888773
    6669           253.8             -21     0.060555807
    6670           253.8           -16.5     0.062296238
    6671           253.8             -12      0.06411435
    6672           253.8            -7.5     0.066016285
    6673           253.8              -3     0.068009193
    6674           253.8             1.5     0.070101503
    6675           253.8               6     0.072303262
    6676           253.8            10.5     0.074626589
    6677           253.8              15     0.077086262
    6678           253.8            19.5     0.079700506
    6679           253.8              24     0.082492017
    6680           253.8            28.5     0.085489327
    6681           253.8              33     0.088728617
    6682           253.8            37.5     0.092256119
    6683           253.8              42     0.096131318
    6684           253.8            46.5      0.10043121
    6685           253.8              51      0.10525601
    6686           253.8            55.5       0.1107367
    6687           253.8              60      0.11704514
    6688           253.8            64.5      0.12440748
    6689           253.8              69        0.133122
    6690           253.8            73.5      0.14358247
    6691           253.8              78      0.15630883
    6692           253.8            82.5      0.17198658
    6693           253.8              87      0.19151643
    6694           253.8            91.5      0.21607459
    6695           253.8              96      0.24718136
    6696           253.8           100.5      0.28676957
    6697           253.8             105      0.33723223
    6698           253.8           109.5      0.40140352
    6699           253.8             114       0.4808986
    6700           253.8           118.5      0.57946642
    6701           253.8             123      0.69875543
    6702           253.8           127.5      0.83768126
    6703           253.8             132      0.99017195
    6704           253.8           136.5       1.1429657
    6705           253.8             141       1.2753083
    6706           253.8           145.5       1.3630747
    6707           253.8             150       1.3880061
    6708           253.8           154.5       1.3478622
    6709           253.8             159       1.2600272
    6710           253.8           163.5       1.1553167
    6711           253.8             168       1.0669547
    6712           253.8           172.5       1.0222806
    6713           253.8             177       1.0403118
    6714           253.8           181.5       1.1335456
    6715           253.8             186       1.3111962
    6716           253.8           190.5       1.5820899
    6717           253.8             195       1.9567533
    6718           253.8           199.5       2.4513972
    6719           253.8             204       3.0659539
    6720           253.8           208.5        3.820461
    6721           253.8             213       4.7202322
    6722           253.8           217.5       5.7550602
    6723           253.8             222       6.8874275
    6724           253.8           226.5       8.0413738
    6725           253.8             231       9.1001773
    6726           253.8           235.5       9.9231358
    6727           253.8             240       10.384412
    6728           253.8           244.5       10.419047
    6729           253.8             249       10.048025
    6730           253.8           253.5       9.3651538
    6731           253.8             258       8.4966682
    6732           253.8           262.5       7.5604566
    6733           253.8             267       6.6432034
    6734           253.8           271.5       5.7965055
    6735           253.8             276        5.043757
    6736           253.8           280.5       4.3898236
    6737           253.8             285       3.8168791
    6738           253.8           289.5       3.3343167
    6739           253.8             294       2.9253707
    6740           253.8           298.5       2.5785659
    6741           253.8             303       2.2836925
    6742           253.8           307.5       2.0320258
    6743           253.8             312       1.8162773
    6744           253.8           316.5       1.6304347
    6745           253.8             321       1.4695688
    6746           253.8           325.5       1.3296469
    6747           253.8             330       1.2073679
    6748           253.8           334.5        1.100023
    6749           253.8             339       1.0053819
    6750           253.8           343.5      0.92160027
    6751           253.8             348      0.84714594
    6752           253.8           352.5       0.7807399
    6753           253.8             357      0.72130916
    6754           253.8           361.5      0.66794922
    6755           253.8             366      0.61989395
    6756           253.8           370.5      0.57649143
    6757           253.8             375      0.53718445
    6758           253.8           379.5      0.50149476
    6759           253.8             384      0.46901019
    6760           253.8           388.5      0.43937417
    6761           253.8             393      0.41227708
    6762           253.8           397.5      0.38744917
    6763           253.8             402      0.36465462
    6764           253.8           406.5      0.34368663
    6765           253.8             411      0.32436333
    6766           253.8           415.5      0.30652429
    6767           253.8             420      0.29002762
    6768           258.1             -30     0.056436419
    6769           258.1           -25.5     0.057978968
    6770           258.1             -21     0.059584574
    6771           258.1           -16.5     0.061257507
    6772           258.1             -12     0.063002647
    6773           258.1            -7.5     0.064825634
    6774           258.1              -3     0.066733059
    6775           258.1             1.5     0.068732717
    6776           258.1               6     0.070833923
    6777           258.1            10.5     0.073047936
    6778           258.1              15     0.075388508
    6779           258.1            19.5     0.077872596
    6780           258.1              24     0.080521299
    6781           258.1            28.5     0.083361078
    6782           258.1              33     0.086425365
    6783           258.1            37.5     0.089756653
    6784           258.1              42     0.093409253
    6785           258.1            46.5     0.097452887
    6786           258.1              51      0.10197739
    6787           258.1            55.5      0.10709884
    6788           258.1              60      0.11296749
    6789           258.1            64.5      0.11977809
    6790           258.1              69      0.12778292
    6791           258.1            73.5      0.13730851
    6792           258.1              78      0.14877612
    6793           258.1            82.5      0.16272666
    6794           258.1              87      0.17984925
    6795           258.1            91.5      0.20101172
    6796           258.1              96      0.22728799
    6797           258.1           100.5      0.25997235
    6798           258.1             105      0.30056156
    6799           258.1           109.5      0.35067208
    6800           258.1             114      0.41171977
    6801           258.1           118.5      0.48367405
    6802           258.1             123      0.56729159
    6803           258.1           127.5      0.66056847
    6804           258.1             132      0.75862643
    6805           258.1           136.5      0.85317236
    6806           258.1             141      0.93315561
    6807           258.1           145.5      0.98732903
    6808           258.1             150       1.0084375
    6809           258.1           154.5       0.9971811
    6810           258.1             159      0.96345913
    6811           258.1           163.5      0.92394533
    6812           258.1             168      0.89759367
    6813           258.1           172.5      0.90170817
    6814           258.1             177      0.95010336
    6815           258.1           181.5       1.0532278
    6816           258.1             186       1.2193083
    6817           258.1           190.5       1.4555596
    6818           258.1             195        1.769681
    6819           258.1           199.5       2.1688649
    6820           258.1             204       2.6626915
    6821           258.1           208.5       3.2412666
    6822           258.1             213       3.9091384
    6823           258.1           217.5       4.6514845
    6824           258.1             222       5.4367142
    6825           258.1           226.5       6.2129625
    6826           258.1             231       6.9101172
    6827           258.1           235.5       7.4506137
    6828           258.1             240       7.7683254
    6829           258.1           244.5       7.8285624
    6830           258.1             249       7.6387598
    6831           258.1           253.5       7.2437953
    6832           258.1             258       6.7093396
    6833           258.1           262.5       6.1028134
    6834           258.1             267       5.4800236
    6835           258.1           271.5       4.8798846
    6836           258.1             276        4.325231
    6837           258.1           280.5       3.8150374
    6838           258.1             285       3.3692386
    6839           258.1           289.5       2.9804791
    6840           258.1             294       2.6434393
    6841           258.1           298.5       2.3519605
    6842           258.1             303       2.0999208
    6843           258.1           307.5       1.8816728
    6844           258.1             312       1.6922213
    6845           258.1           316.5       1.5272561
    6846           258.1             321       1.3831125
    6847           258.1           325.5       1.2567008
    6848           258.1             330       1.1454271
    6849           258.1           334.5       1.0471171
    6850           258.1             339      0.95994735
    6851           258.1           343.5      0.88238616
    6852           258.1             348      0.81314341
    6853           258.1           352.5      0.75112921
    6854           258.1             357      0.69541953
    6855           258.1           361.5      0.64522814
    6856           258.1             366      0.59988351
    6857           258.1           370.5      0.55880998
    6858           258.1             375       0.5215122
    6859           258.1           379.5       0.4875624
    6860           258.1             384       0.4565899
    6861           258.1           388.5      0.42827237
    6862           258.1             393      0.40232864
    6863           258.1           397.5      0.37851268
    6864           258.1             402      0.35660854
    6865           258.1           406.5      0.33642617
    6866           258.1             411      0.31779782
    6867           258.1           415.5      0.30057506
    6868           258.1             420      0.28462622
    6869           262.4             -30     0.055616737
    6870           262.4           -25.5     0.057105966
    6871           262.4             -21     0.058654225
    6872           262.4           -16.5     0.060265449
    6873           262.4             -12     0.061944146
    6874           262.4            -7.5     0.063695542
    6875           262.4              -3     0.065525759
    6876           262.4             1.5     0.067442053
    6877           262.4               6     0.069453106
    6878           262.4            10.5     0.071569424
    6879           262.4              15     0.073803827
    6880           262.4            19.5     0.076172104
    6881           262.4              24     0.078693845
    6882           262.4            28.5     0.081393518
    6883           262.4              33     0.084301872
    6884           262.4            37.5     0.087457722
    6885           262.4              42     0.090910271
    6886           262.4            46.5     0.094722077
    6887           262.4              51     0.098972841
    6888           262.4            55.5      0.10376423
    6889           262.4              60      0.10922596
    6890           262.4            64.5      0.11552335
    6891           262.4              69      0.12286669
    6892           262.4            73.5      0.13152237
    6893           262.4              78      0.14182595
    6894           262.4            82.5      0.15419647
    6895           262.4              87      0.16915094
    6896           262.4            91.5       0.1873162
    6897           262.4              96      0.20943323
    6898           262.4           100.5      0.23634549
    6899           262.4             105      0.26895752
    6900           262.4           109.5      0.30814402
    6901           262.4             114      0.35458418
    6902           262.4           118.5      0.40851926
    6903           262.4             123      0.46823682
    6904           262.4           127.5      0.53272022
    6905           262.4             132      0.59857041
    6906           262.4           136.5      0.66084637
    6907           262.4             141      0.71372622
    6908           262.4           145.5      0.75197133
    6909           262.4             150      0.77289995
    6910           262.4           154.5      0.77805902
    6911           262.4             159      0.77368634
    6912           262.4           163.5      0.76965573
    6913           262.4             168      0.77748133
    6914           262.4           172.5      0.80837881
    6915           262.4             177       0.8720927
    6916           262.4           181.5      0.97660451
    6917           262.4             186       1.1281987
    6918           262.4           190.5       1.3329497
    6919           262.4             195       1.5955291
    6920           262.4           199.5       1.9197028
    6921           262.4             204       2.3075762
    6922           262.4           208.5       2.7626812
    6923           262.4             213       3.2640784
    6924           262.4           217.5       3.8062544
    6925           262.4             222       4.3649799
    6926           262.4           226.5       4.9053329
    6927           262.4             231       5.3841615
    6928           262.4           235.5       5.7565754
    6929           262.4             240       5.9855034
    6930           262.4           244.5       6.0510434
    6931           262.4             249       5.9554319
    6932           262.4           253.5       5.7212761
    6933           262.4             258        5.384207
    6934           262.4           262.5       4.9836272
    6935           262.4             267       4.5551612
    6936           262.4           271.5        4.126521
    6937           262.4             276       3.7047892
    6938           262.4           280.5       3.3199494
    6939           262.4             285       2.9711526
    6940           262.4           289.5       2.6593844
    6941           262.4             294       2.3831653
    6942           262.4           298.5       2.1397078
    6943           262.4             303       1.9256746
    6944           262.4           307.5       1.7376397
    6945           262.4             312       1.5723426
    6946           262.4           316.5       1.4268128
    6947           262.4             321       1.2984143
    6948           262.4           325.5       1.1848466
    6949           262.4             330       1.0841222
    6950           262.4           334.5      0.99453408
    6951           262.4             339      0.91462122
    6952           262.4           343.5       0.8431342
    6953           262.4             348      0.77900451
    6954           262.4           352.5      0.72131718
    6955           262.4             357      0.66928731
    6956           262.4           361.5      0.62224002
    6957           262.4             366      0.57959352
    6958           262.4           370.5      0.54084485
    6959           262.4             375      0.50555801
    6960           262.4           379.5      0.47335392
    6961           262.4             384      0.44390204
    6962           262.4           388.5      0.41691334
    6963           262.4             393      0.39213439
    6964           262.4           397.5      0.36934236
    6965           262.4             402      0.34834083
    6966           262.4           406.5      0.32895621
    6967           262.4             411      0.31103471
    6968           262.4           415.5      0.29443977
    6969           262.4             420      0.27904984
    6970           266.7             -30     0.054827576
    6971           266.7           -25.5     0.056267752
    6972           266.7             -21     0.057763465
    6973           266.7           -16.5     0.059318374
    6974           266.7             -12     0.060936682
    6975           266.7            -7.5     0.062623271
    6976           266.7              -3     0.064383869
    6977           266.7             1.5     0.066225269
    6978           266.7               6     0.068155607
    6979           266.7            10.5      0.07018471
    6980           266.7              15     0.072324558
    6981           266.7            19.5      0.07458985
    6982           266.7              24     0.076998751
    6983           266.7            28.5     0.079573825
    6984           266.7              33      0.08234323
    6985           266.7            37.5     0.085342231
    6986           266.7              42     0.088615107
    6987           266.7            46.5     0.092217552
    6988           266.7              51     0.096219662
    6989           266.7            55.5      0.10070963
    6990           266.7              60      0.10579827
    6991           266.7            64.5       0.1116244
    6992           266.7              69      0.11836119
    6993           266.7            73.5      0.12622331
    6994           266.7              78      0.13547453
    6995           266.7            82.5      0.14643509
    6996           266.7              87      0.15948728
    6997           266.7            91.5      0.17507692
    6998           266.7              96      0.19370662
    6999           266.7           100.5      0.21591489
    7000           266.7             105      0.24223281
    7001           266.7           109.5      0.27310798
    7002           266.7             114      0.30878625
    7003           266.7           118.5      0.34914755
    7004           266.7             123      0.39388946
    7005           266.7           127.5      0.44010731
    7006           266.7             132      0.48658302
    7007           266.7           136.5      0.53047226
    7008           266.7             141      0.56877025
    7009           266.7           145.5      0.59913302
    7010           266.7             150      0.62084549
    7011           266.7           154.5      0.63557208
    7012           266.7             159      0.64753369
    7013           266.7           163.5      0.66300303
    7014           266.7             168      0.68934505
    7015           266.7           172.5      0.73400934
    7016           266.7             177      0.80380432
    7017           266.7           181.5      0.90417348
    7018           266.7             186        1.040774
    7019           266.7           190.5       1.2172643
    7020           266.7             195       1.4365304
    7021           266.7           199.5       1.7002468
    7022           266.7             204       2.0083029
    7023           266.7           208.5       2.3578601
    7024           266.7             213       2.7421133
    7025           266.7           217.5       3.1522753
    7026           266.7             222       3.5593772
    7027           266.7           226.5       3.9469344
    7028           266.7             231        4.287657
    7029           266.7           235.5       4.5544047
    7030           266.7             240       4.7252257
    7031           266.7           244.5       4.7880131
    7032           266.7             249       4.7429852
    7033           266.7           253.5       4.6019993
    7034           266.7             258       4.3851139
    7035           266.7           262.5       4.1159107
    7036           266.7             267       3.8084521
    7037           266.7           271.5       3.4951885
    7038           266.7             276       3.1869369
    7039           266.7           280.5       2.8935488
    7040           266.7             285       2.6207884
    7041           266.7           289.5       2.3713407
    7042           266.7             294       2.1457727
    7043           266.7           298.5       1.9433163
    7044           266.7             303       1.7624457
    7045           266.7           307.5       1.6012735
    7046           266.7             312       1.4578037
    7047           266.7           316.5       1.3300842
    7048           266.7             321       1.2162893
    7049           266.7           325.5       1.1147589
    7050           266.7             330       1.0240104
    7051           266.7           334.5      0.94273495
    7052           266.7             339      0.86978581
    7053           266.7           343.5      0.80416273
    7054           266.7             348      0.74499539
    7055           266.7           352.5      0.69152737
    7056           266.7             357      0.64310114
    7057           266.7           361.5      0.59914475
    7058           266.7             366      0.55916002
    7059           266.7           370.5      0.52271229
    7060           266.7             375      0.48942163
    7061           266.7           379.5      0.45895519
    7062           266.7             384       0.4310208
    7063           266.7           388.5      0.40536137
    7064           266.7             393       0.3817502
    7065           266.7           397.5      0.35998692
    7066           266.7             402      0.33989405
    7067           266.7           406.5      0.32131405
    7068           266.7             411      0.30410677
    7069           266.7           415.5      0.28814726
    7070           266.7             420      0.27332391
    7071             271             -30     0.054067998
    7072             271           -25.5     0.055463109
    7073             271             -21     0.056910739
    7074             271           -16.5     0.058414323
    7075             271             -12     0.059977814
    7076             271            -7.5     0.061605806
    7077             271              -3     0.063303695
    7078             271             1.5     0.065077878
    7079             271               6     0.066936005
    7080             271            10.5     0.068887303
    7081             271              15     0.070942973
    7082             271            19.5     0.073116707
    7083             271              24     0.075425329
    7084             271            28.5     0.077889594
    7085             271              33     0.080535204
    7086             271            37.5     0.083394053
    7087             271              42     0.086505781
    7088             271            46.5      0.08991967
    7089             271              51     0.093696959
    7090             271            55.5     0.097913603
    7091             271              60      0.10266353
    7092             271            64.5      0.10806236
    7093             271              69      0.11425152
    7094             271            73.5      0.12140252
    7095             271              78      0.12972094
    7096             271            82.5      0.13944942
    7097             271              87      0.15086823
    7098             271            91.5      0.16429176
    7099             271              96       0.1800579
    7100             271           100.5      0.19850669
    7101             271             105      0.21994396
    7102             271           109.5      0.24458563
    7103             271             114      0.27248116
    7104             271           118.5      0.30342001
    7105             271             123      0.33683734
    7106             271           127.5       0.3717511
    7107             271             132      0.40718934
    7108             271           136.5      0.44030411
    7109             271             141      0.47044841
    7110             271           145.5      0.49669924
    7111             271             150      0.51918275
    7112             271           154.5      0.53942745
    7113             271             159       0.5604289
    7114             271           163.5      0.58638482
    7115             271             168      0.62219703
    7116             271           172.5      0.67240934
    7117             271             177        0.742683
    7118             271           181.5      0.83691269
    7119             271             186      0.95852407
    7120             271           190.5       1.1101055
    7121             271             195       1.2932915
    7122             271           199.5        1.508524
    7123             271             204       1.7546437
    7124             271           208.5       2.0283129
    7125             271             213       2.3233513
    7126             271           217.5       2.6301618
    7127             271             222       2.9355264
    7128             271           226.5       3.2230993
    7129             271             231       3.4787244
    7130             271           235.5        3.675944
    7131             271             240        3.806975
    7132             271           244.5       3.8640862
    7133             271             249       3.8467499
    7134             271           253.5       3.7549268
    7135             271             258       3.6103455
    7136             271           262.5       3.4236136
    7137             271             267       3.2098111
    7138             271           271.5       2.9824724
    7139             271             276        2.752548
    7140             271           280.5        2.528108
    7141             271             285       2.3145532
    7142             271           289.5       2.1150813
    7143             271             294       1.9312237
    7144             271           298.5       1.7633407
    7145             271             303       1.6110271
    7146             271           307.5       1.4734186
    7147             271             312       1.3494089
    7148             271           316.5       1.2377951
    7149             271             321       1.1373711
    7150             271           325.5       1.0469823
    7151             271             330      0.96555569
    7152             271           334.5      0.89211302
    7153             271             339       0.8257741
    7154             271           343.5      0.76575367
    7155             271             348      0.71135519
    7156             271           352.5      0.66196307
    7157             271             357      0.61703432
    7158             271           361.5      0.57609051
    7159             271             366      0.53871015
    7160             271           370.5      0.50452172
    7161             271             375      0.47319747
    7162             271           379.5      0.44444796
    7163             271             384      0.41801714
    7164             271           388.5      0.39367824
    7165             271             393         0.37123
    7166             271           397.5      0.35049355
    7167             271             402       0.3313096
    7168             271           406.5      0.31353609
    7169             271             411      0.29704605
    7170             271           415.5      0.28172582
    7171             271             420       0.2674735
    7172           275.3             -30      0.05333688
    7173           275.3           -25.5     0.054690622
    7174           275.3             -21     0.056094288
    7175           275.3           -16.5      0.05755113
    7176           275.3             -12     0.059064893
    7177           275.3            -7.5     0.060639934
    7178           275.3              -3     0.062281367
    7179           275.3             1.5     0.063995242
    7180           275.3               6     0.065788784
    7181           275.3            10.5     0.067670672
    7182           275.3              15     0.069651399
    7183           275.3            19.5     0.071743719
    7184           275.3              24     0.073963203
    7185           275.3            28.5     0.076328913
    7186           275.3              33     0.078864249
    7187           275.3            37.5      0.08159797
    7188           275.3              42      0.08456543
    7189           275.3            46.5      0.08781006
    7190           275.3              51      0.09138512
    7191           275.3            55.5     0.095355716
    7192           275.3              60     0.099801086
    7193           275.3            64.5      0.10481707
    7194           275.3              69      0.11051865
    7195           275.3            73.5      0.11704229
    7196           275.3              78      0.12454765
    7197           275.3            82.5      0.13321805
    7198           275.3              87       0.1432587
    7199           275.3            91.5      0.15489132
    7200           275.3              96      0.16834349
    7201           275.3           100.5      0.18383065
    7202           275.3             105      0.20152889
    7203           275.3           109.5      0.22153772
    7204           275.3             114      0.24383401
    7205           275.3           118.5      0.26822323
    7206           275.3             123      0.29430026
    7207           275.3           127.5      0.32144038
    7208           275.3             132      0.34884582
    7209           275.3           136.5      0.37567128
    7210           275.3             141      0.40123426
    7211           275.3           145.5      0.42528419
    7212           275.3             150      0.44826705
    7213           275.3           154.5      0.47150159
    7214           275.3             159      0.49719833
    7215           275.3           163.5      0.52830406
    7216           275.3             168      0.56821627
    7217           275.3           172.5      0.62045015
    7218           275.3             177      0.68833677
    7219           275.3           181.5      0.77479404
    7220           275.3             186      0.88216695
    7221           275.3           190.5       1.0121004
    7222           275.3             195       1.1653963
    7223           275.3           199.5        1.341812
    7224           275.3             204       1.5397835
    7225           275.3           208.5        1.756086
    7226           275.3             213       1.9854988
    7227           275.3           217.5        2.220585
    7228           275.3             222       2.4517429
    7229           275.3           226.5       2.6676828
    7230           275.3             231       2.8564137
    7231           275.3           235.5       3.0066719
    7232           275.3             240       3.1095301
    7233           275.3           244.5       3.1597798
    7234           275.3             249       3.1566821
    7235           275.3           253.5       3.1038656
    7236           275.3             258       3.0084368
    7237           275.3           262.5       2.8796118
    7238           275.3             267       2.7272699
    7239           275.3           271.5       2.5607551
    7240           275.3             276       2.3880947
    7241           275.3           280.5        2.215639
    7242           275.3             285       2.0480347
    7243           275.3           289.5       1.8884048
    7244           275.3             294        1.738627
    7245           275.3           298.5        1.599629
    7246           275.3             303       1.4716569
    7247           275.3           307.5       1.3544971
    7248           275.3             312       1.2476462
    7249           275.3           316.5       1.1504361
    7250           275.3             321       1.0621207
    7251           275.3           325.5      0.98193414
    7252           275.3             330      0.90912769
    7253           275.3           334.5      0.84299156
    7254           275.3             339      0.78286667
    7255           275.3           343.5      0.72814961
    7256           275.3             348      0.67829325
    7257           275.3           352.5      0.63280487
    7258           275.3             357      0.59124276
    7259           275.3           361.5      0.55321209
    7260           275.3             366      0.51836063
    7261           275.3           370.5      0.48637439
    7262           275.3             375      0.45697361
    7263           275.3           379.5      0.42990896
    7264           275.3             384       0.4049581
    7265           275.3           388.5      0.38192262
    7266           275.3             393      0.36062526
    7267           275.3           397.5      0.34090748
    7268           275.3             402      0.32262733
    7269           275.3           406.5      0.30565749
    7270           275.3             411      0.28988365
    7271           275.3           415.5      0.27520302
    7272           275.3             420      0.26152304
    7273           279.6             -30     0.052632947
    7274           279.6           -25.5     0.053948724
    7275           279.6             -21       0.0553122
    7276           279.6           -16.5     0.056726477
    7277           279.6             -12     0.058195132
    7278           279.6            -7.5     0.059722321
    7279           279.6              -3     0.061312915
    7280           279.6             1.5     0.062972666
    7281           279.6               6     0.064708415
    7282           279.6            10.5     0.066528347
    7283           279.6              15     0.068442307
    7284           279.6            19.5     0.070462182
    7285           279.6              24      0.07260238
    7286           279.6            28.5     0.074880396
    7287           279.6              33     0.077317511
    7288           279.6            37.5     0.079939609
    7289           279.6              42     0.082778162
    7290           279.6            46.5     0.085871367
    7291           279.6              51     0.089265444
    7292           279.6            55.5     0.093016091
    7293           279.6              60     0.097190039
    7294           279.6            64.5      0.10186664
    7295           279.6              69      0.10713933
    7296           279.6            73.5      0.11311673
    7297           279.6              78       0.1199231
    7298           279.6            82.5       0.1276975
    7299           279.6              87      0.13659119
    7300           279.6            91.5       0.1467622
    7301           279.6              96      0.15836632
    7302           279.6           100.5      0.17154342
    7303           279.6             105       0.1863988
    7304           279.6           109.5      0.20297985
    7305           279.6             114      0.22125057
    7306           279.6           118.5      0.24106881
    7307           279.6             123      0.26217502
    7308           279.6           127.5      0.28420403
    7309           279.6             132      0.30673241
    7310           279.6           136.5      0.32936968
    7311           279.6             141      0.35189063
    7312           279.6           145.5      0.37438968
    7313           279.6             150       0.3974219
    7314           279.6           154.5      0.42208875
    7315           279.6             159      0.45003623
    7316           279.6           163.5      0.48335789
    7317           279.6             168      0.52442356
    7318           279.6           172.5      0.57567307
    7319           279.6             177      0.63941431
    7320           279.6           181.5      0.71764943
    7321           279.6             186      0.81193203
    7322           279.6           190.5      0.92324071
    7323           279.6             195       1.0518475
    7324           279.6           199.5       1.1971635
    7325           279.6             204        1.357557
    7326           279.6           208.5       1.5301633
    7327           279.6             213       1.7107287
    7328           279.6           217.5       1.8935587
    7329           279.6             222        2.071652
    7330           279.6           226.5       2.2370911
    7331           279.6             231       2.3817095
    7332           279.6           235.5       2.4979765
    7333           279.6             240        2.579943
    7334           279.6           244.5       2.6240355
    7335           279.6             249        2.629493
    7336           279.6           253.5        2.598337
    7337           279.6             258       2.5348988
    7338           279.6           262.5       2.4450539
    7339           279.6             267       2.3353643
    7340           279.6           271.5       2.2123155
    7341           279.6             276       2.0817571
    7342           279.6           280.5       1.9485814
    7343           279.6             285       1.8166122
    7344           279.6           289.5       1.6886435
    7345           279.6             294       1.5665679
    7346           279.6           298.5       1.4515428
    7347           279.6             303       1.3441597
    7348           279.6           307.5       1.2445957
    7349           279.6             312       1.1527401
    7350           279.6           316.5       1.0682937
    7351           279.6             321      0.99084272
    7352           279.6           325.5      0.91991264
    7353           279.6             330      0.85500555
    7354           279.6           334.5      0.79562492
    7355           279.6             339      0.74129153
    7356           279.6           343.5      0.69155281
    7357           279.6             348      0.64598785
    7358           279.6           352.5      0.60420937
    7359           279.6             357       0.5658637
    7360           279.6           361.5      0.53062966
    7361           279.6             366      0.49821668
    7362           279.6           370.5      0.46836252
    7363           279.6             375      0.44083091
    7364           279.6           379.5      0.41540922
    7365           279.6             384      0.39190612
    7366           279.6           388.5      0.37014951
    7367           279.6             393      0.34998449
    7368           279.6           397.5       0.3312716
    7369           279.6             402      0.31388517
    7370           279.6           406.5      0.29771188
    7371           279.6             411      0.28264943
    7372           279.6           415.5       0.2686054
    7373           279.6             420      0.25549618
    7374           283.9             -30      0.05195481
    7375           283.9           -25.5     0.053235735
    7376           283.9             -21     0.054562454
    7377           283.9           -16.5      0.05593795
    7378           283.9             -12     0.057365659
    7379           283.9            -7.5     0.058849569
    7380           283.9              -3      0.06039434
    7381           283.9             1.5     0.062005462
    7382           283.9               6     0.063689434
    7383           283.9            10.5     0.065453991
    7384           283.9              15     0.067308384
    7385           283.9            19.5     0.069263706
    7386           283.9              24     0.071333296
    7387           283.9            28.5     0.073533215
    7388           283.9              33     0.075882812
    7389           283.9            37.5     0.078405385
    7390           283.9              42     0.081128945
    7391           283.9            46.5     0.084087081
    7392           283.9              51     0.087319919
    7393           283.9            55.5      0.09087514
    7394           283.9              60     0.094809028
    7395           283.9            64.5     0.099187436
    7396           283.9              69      0.10408657
    7397           283.9            73.5      0.10959338
    7398           283.9              78      0.11580532
    7399           283.9            82.5      0.12282905
    7400           283.9              87      0.13077783
    7401           283.9            91.5      0.13976685
    7402           283.9              96      0.14990636
    7403           283.9           100.5      0.16129203
    7404           283.9             105        0.173993
    7405           283.9           109.5       0.1880383
    7406           283.9             114      0.20340408
    7407           283.9           118.5      0.22000517
    7408           283.9             123      0.23769655
    7409           283.9           127.5      0.25629098
    7410           283.9             132      0.27559832
    7411           283.9           136.5      0.29548885
    7412           283.9             141      0.31597581
    7413           283.9           145.5      0.33730462
    7414           283.9             150       0.3600286
    7415           283.9           154.5      0.38504955
    7416           283.9             159      0.41360716
    7417           283.9           163.5      0.44721376
    7418           283.9             168      0.48754456
    7419           283.9           172.5       0.5363028
    7420           283.9             177      0.59508038
    7421           283.9           181.5      0.66522765
    7422           283.9             186      0.74773649
    7423           283.9           190.5      0.84313237
    7424           283.9             195      0.95136693
    7425           283.9           199.5       1.0717057
    7426           283.9             204       1.2026135
    7427           283.9           208.5       1.3416521
    7428           283.9             213       1.4854201
    7429           283.9           217.5       1.6295734
    7430           283.9             222       1.7689711
    7431           283.9           226.5       1.8979743
    7432           283.9             231       2.0108979
    7433           283.9           235.5       2.1025697
    7434           283.9             240       2.1689046
    7435           283.9           244.5       2.2073783
    7436           283.9             249       2.2172922
    7437           283.9           253.5       2.1997712
    7438           283.9             258       2.1575055
    7439           283.9           262.5       2.0943088
    7440           283.9             267       2.0146006
    7441           283.9           271.5       1.9229159
    7442           283.9             276       1.8235153
    7443           283.9           280.5       1.7201278
    7444           283.9             285       1.6158221
    7445           283.9           289.5       1.5129827
    7446           283.9             294       1.4133562
    7447           283.9           298.5       1.3181374
    7448           283.9             303       1.2280707
    7449           283.9           307.5       1.1435493
    7450           283.9             312       1.0647055
    7451           283.9           316.5      0.99148509
    7452           283.9             321       0.9237071
    7453           283.9           325.5      0.86110996
    7454           283.9             330      0.80338533
    7455           283.9           334.5      0.75020263
    7456           283.9             339      0.70122605
    7457           283.9           343.5      0.65612599
    7458           283.9             348      0.61458631
    7459           283.9           352.5      0.57630875
    7460           283.9             357      0.54101512
    7461           283.9           361.5      0.50844816
    7462           283.9             366      0.47837144
    7463           283.9           370.5      0.45056865
    7464           283.9             375      0.42484251
    7465           283.9           379.5      0.40101353
    7466           283.9             384      0.37891865
    7467           283.9           388.5      0.35840987
    7468           283.9             393      0.33935294
    7469           283.9           397.5      0.32162609
    7470           283.9             402      0.30511888
    7471           283.9           406.5      0.28973111
    7472           283.9             411       0.2753718
    7473           283.9           415.5      0.26195833
    7474           283.9             420       0.2494156
    7475           288.2             -30     0.051300998
    7476           288.2           -25.5     0.052549896
    7477           288.2             -21     0.053842961
    7478           288.2           -16.5     0.055183078
    7479           288.2             -12     0.056573566
    7480           288.2            -7.5      0.05801827
    7481           288.2              -3     0.059521667
    7482           288.2             1.5     0.061089013
    7483           288.2               6       0.0627265
    7484           288.2            10.5     0.064441456
    7485           288.2              15     0.066242588
    7486           288.2            19.5     0.068140264
    7487           288.2              24     0.070146849
    7488           288.2            28.5     0.072277105
    7489           288.2              33     0.074548645
    7490           288.2            37.5     0.076982465
    7491           288.2              42     0.079603534
    7492           288.2            46.5     0.082441449
    7493           288.2              51     0.085531132
    7494           288.2            55.5     0.088913542
    7495           288.2              60     0.092636359
    7496           288.2            64.5     0.096754558
    7497           288.2              69      0.10133078
    7498           288.2            73.5      0.10643532
    7499           288.2              78      0.11214566
    7500           288.2            82.5      0.11854511
    7501           288.2              87      0.12572055
    7502           288.2            91.5      0.13375887
    7503           288.2              96      0.14274203
    7504           288.2           100.5      0.15274078
    7505           288.2             105      0.16380748
    7506           288.2           109.5       0.1759689
    7507           288.2             114      0.18922082
    7508           288.2           118.5      0.20352694
    7509           288.2             123      0.21882522
    7510           288.2           127.5      0.23504498
    7511           288.2             132      0.25213685
    7512           288.2           136.5      0.27011549
    7513           288.2             141      0.28911084
    7514           288.2           145.5      0.30941967
    7515           288.2             150      0.33154588
    7516           288.2           154.5      0.35621798
    7517           288.2             159      0.38437529
    7518           288.2           163.5      0.41712133
    7519           288.2             168      0.45564935
    7520           288.2           172.5       0.5011503
    7521           288.2             177      0.55471411
    7522           288.2           181.5      0.61723272
    7523           288.2             186      0.68930875
    7524           288.2           190.5      0.77116981
    7525           288.2             195      0.86258641
    7526           288.2           199.5       0.9627936
    7527           288.2             204       1.0704208
    7528           288.2           208.5       1.1834412
    7529           288.2             213       1.2991592
    7530           288.2           217.5       1.4142582
    7531           288.2             222       1.5249303
    7532           288.2           226.5        1.627099
    7533           288.2             231       1.7167266
    7534           288.2           235.5       1.7901753
    7535           288.2             240       1.8445661
    7536           288.2           244.5       1.8780713
    7537           288.2             249       1.8900801
    7538           288.2           253.5        1.881208
    7539           288.2             258       1.8531508
    7540           288.2           262.5        1.808424
    7541           288.2             267       1.7500433
    7542           288.2           271.5       1.6812072
    7543           288.2             276       1.6050274
    7544           288.2           280.5       1.5243325
    7545           288.2             285       1.4415507
    7546           288.2           289.5       1.3586618
    7547           288.2             294       1.2772013
    7548           288.2           298.5       1.1982997
    7549           288.2             303       1.1227388
    7550           288.2           307.5       1.0510147
    7551           288.2             312      0.98339884
    7552           288.2           316.5      0.91999233
    7553           288.2             321      0.86077188
    7554           288.2           325.5       0.8056271
    7555           288.2             330      0.75438963
    7556           288.2           334.5      0.70685533
    7557           288.2             339      0.66280062
    7558           288.2           343.5      0.62199435
    7559           288.2             348      0.58420602
    7560           288.2           352.5      0.54921136
    7561           288.2             357      0.51679592
    7562           288.2           361.5      0.48675719
    7563           288.2             366      0.45890568
    7564           288.2           370.5      0.43306536
    7565           288.2             375      0.40907346
    7566           288.2           379.5      0.38678014
    7567           288.2             384      0.36604778
    7568           288.2           388.5      0.34675028
    7569           288.2             393      0.32877226
    7570           288.2           397.5      0.31200823
    7571           288.2             402      0.29636184
    7572           288.2           406.5      0.28174507
    7573           288.2             411      0.26807754
    7574           288.2           415.5      0.25528583
    7575           288.2             420      0.24330288
    7576           292.5             -30     0.050669987
    7577           292.5           -25.5     0.051889406
    7578           292.5             -21       0.0531516
    7579           292.5           -16.5     0.054459376
    7580           292.5             -12     0.055815954
    7581           292.5            -7.5     0.057225053
    7582           292.5              -3     0.058690993
    7583           292.5             1.5     0.060218819
    7584           292.5               6     0.061814445
    7585           292.5            10.5      0.06348483
    7586           292.5              15     0.065238186
    7587           292.5            19.5     0.067084221
    7588           292.5              24     0.069034421
    7589           292.5            28.5     0.071102378
    7590           292.5              33     0.073304163
    7591           292.5            37.5     0.075658744
    7592           292.5              42     0.078188449
    7593           292.5            46.5     0.080919451
    7594           292.5              51     0.083882285
    7595           292.5            55.5     0.087112336
    7596           292.5              60     0.090650285
    7597           292.5            64.5     0.094542437
    7598           292.5              69      0.09884086
    7599           292.5            73.5      0.10360323
    7600           292.5              78      0.10889225
    7601           292.5            82.5      0.11477458
    7602           292.5              87      0.12131897
    7603           292.5            91.5      0.12859381
    7604           292.5              96      0.13666379
    7605           292.5           100.5      0.14558606
    7606           292.5             105       0.1554063
    7607           292.5           109.5      0.16615542
    7608           292.5             114      0.17784826
    7609           292.5           118.5      0.19048568
    7610           292.5             123      0.20406211
    7611           292.5           127.5      0.21857979
    7612           292.5             132      0.23407056
    7613           292.5           136.5       0.2506241
    7614           292.5             141      0.26841943
    7615           292.5           145.5       0.2877545
    7616           292.5             150      0.30906682
    7617           292.5           154.5      0.33293899
    7618           292.5             159      0.36008442
    7619           292.5           163.5      0.39131249
    7620           292.5             168      0.42747582
    7621           292.5           172.5      0.46940518
    7622           292.5             177      0.51783831
    7623           292.5           181.5      0.57334798
    7624           292.5             186      0.63627258
    7625           292.5           190.5      0.70665095
    7626           292.5             195      0.78416219
    7627           292.5           199.5      0.86807268
    7628           292.5             204      0.95719474
    7629           292.5           208.5       1.0498652
    7630           292.5             213        1.143955
    7631           292.5           217.5       1.2369226
    7632           292.5             222       1.3259208
    7633           292.5           226.5       1.4079601
    7634           292.5             231       1.4801205
    7635           292.5           235.5       1.5397887
    7636           292.5             240       1.5848895
    7637           292.5           244.5       1.6140708
    7638           292.5             249       1.6268118
    7639           292.5           253.5       1.6234343
    7640           292.5             258       1.6050194
    7641           292.5           262.5       1.5732495
    7642           292.5             267       1.5302078
    7643           292.5           271.5       1.4781706
    7644           292.5             276       1.4194205
    7645           292.5           280.5       1.3561012
    7646           292.5             285       1.2901191
    7647           292.5           289.5       1.2230908
    7648           292.5             294       1.1563277
    7649           292.5           298.5       1.0908482
    7650           292.5             303       1.0274068
    7651           292.5           307.5      0.96653119
    7652           292.5             312      0.90856289
    7653           292.5           316.5      0.85369486
    7654           292.5             321      0.80200587
    7655           292.5           325.5      0.75348953
    7656           292.5             330      0.70807818
    7657           292.5           334.5       0.6656619
    7658           292.5             339      0.62610329
    7659           292.5           343.5      0.58924867
    7660           292.5             348      0.55493637
    7661           292.5           352.5      0.52300277
    7662           292.5             357       0.4932865
    7663           292.5           361.5       0.4656313
    7664           292.5             366      0.43988793
    7665           292.5           370.5      0.41591522
    7666           292.5             375      0.39358066
    7667           292.5           379.5      0.37276059
    7668           292.5             384      0.35334011
    7669           292.5           388.5       0.3352128
    7670           292.5             393      0.31828038
    7671           292.5           397.5       0.3024522
    7672           292.5             402      0.28764483
    7673           292.5           406.5       0.2737815
    7674           292.5             411      0.26079166
    7675           292.5           415.5      0.24861046
    7676           292.5             420      0.23717835
    7677           296.8             -30     0.050060223
    7678           296.8           -25.5     0.051252445
    7679           296.8             -21      0.05248625
    7680           296.8           -16.5     0.053764377
    7681           296.8             -12     0.055089964
    7682           296.8            -7.5     0.056466622
    7683           296.8              -3     0.057898527
    7684           296.8             1.5     0.059390536
    7685           296.8               6     0.060948311
    7686           296.8            10.5     0.062578474
    7687           296.8              15     0.064288789
    7688           296.8            19.5     0.066088365
    7689           296.8              24     0.067987895
    7690           296.8            28.5     0.069999931
    7691           296.8              33      0.07213918
    7692           296.8            37.5     0.074422842
    7693           296.8              42     0.076870964
    7694           296.8            46.5     0.079506817
    7695           296.8              51     0.082357264
    7696           296.8            55.5     0.085453107
    7697           296.8              60     0.088829377
    7698           296.8            64.5     0.092525522
    7699           296.8              69     0.096585429
    7700           296.8            73.5      0.10105723
    7701           296.8              78      0.10599281
    7702           296.8            82.5      0.11144693
    7703           296.8              87      0.11747597
    7704           296.8            91.5      0.12413621
    7705           296.8              96      0.13148181
    7706           296.8           100.5      0.13956266
    7707           296.8             105      0.14842249
    7708           296.8           109.5      0.15809784
    7709           296.8             114      0.16861871
    7710           296.8           118.5      0.18001192
    7711           296.8             123      0.19230795
    7712           296.8           127.5      0.20555206
    7713           296.8             132      0.21981957
    7714           296.8           136.5      0.23523418
    7715           296.8             141      0.25198712
    7716           296.8           145.5      0.27035361
    7717           296.8             150      0.29070258
    7718           296.8           154.5      0.31349607
    7719           296.8             159      0.33927578
    7720           296.8           163.5      0.36863617
    7721           296.8             168      0.40218597
    7722           296.8           172.5      0.44050096
    7723           296.8             177      0.48407199
    7724           296.8           181.5      0.53325174
    7725           296.8             186      0.58820297
    7726           296.8           190.5      0.64885024
    7727           296.8             195      0.71483714
    7728           296.8           199.5      0.78549138
    7729           296.8             204      0.85980172
    7730           296.8           208.5       0.9364124
    7731           296.8             213       1.0136417
    7732           296.8           217.5       1.0895316
    7733           296.8             222       1.1619324
    7734           296.8           226.5        1.228622
    7735           296.8             231       1.2874536
    7736           296.8           235.5       1.3365145
    7737           296.8             240       1.3742788
    7738           296.8           244.5       1.3997278
    7739           296.8             249       1.4124227
    7740           296.8           253.5       1.4125153
    7741           296.8             258       1.4006997
    7742           296.8           262.5       1.3781149
    7743           296.8             267       1.3462164
    7744           296.8           271.5       1.3066382
    7745           296.8             276       1.2610643
    7746           296.8           280.5       1.2111214
    7747           296.8             285       1.1583006
    7748           296.8           289.5       1.1039088
    7749           296.8             294       1.0490457
    7750           296.8           298.5      0.99460168
    7751           296.8             303      0.94127036
    7752           296.8           307.5      0.88956915
    7753           296.8             312      0.83986446
    7754           296.8           316.5      0.79239765
    7755           296.8             321      0.74730951
    7756           296.8           325.5       0.7046623
    7757           296.8             330       0.6644586
    7758           296.8           334.5      0.62665707
    7759           296.8             339      0.59118509
    7760           296.8           343.5      0.55794888
    7761           296.8             348      0.52684124
    7762           296.8           352.5      0.49774748
    7763           296.8             357      0.47054986
    7764           296.8           361.5      0.44513073
    7765           296.8             366      0.42137488
    7766           296.8           370.5      0.39917104
    7767           296.8             375      0.37841289
    7768           296.8           379.5      0.35899971
    7769           296.8             384      0.34083666
    7770           296.8           388.5      0.32383487
    7771           296.8             393      0.30791137
    7772           296.8           397.5      0.29298897
    7773           296.8             402      0.27899598
    7774           296.8           406.5      0.26586593
    7775           296.8             411       0.2535373
    7776           296.8           415.5      0.24195321
    7777           296.8             420      0.23106106
    7778           301.1             -30      0.04947015
    7779           301.1           -25.5     0.050637202
    7780           301.1             -21     0.051844811
    7781           301.1           -16.5      0.05309566
    7782           301.1             -12     0.054392812
    7783           301.1            -7.5     0.055739781
    7784           301.1              -3     0.057140618
    7785           301.1             1.5     0.058600006
    7786           301.1               6     0.060123377
    7787           301.1            10.5     0.061717047
    7788           301.1              15     0.063388371
    7789           301.1            19.5     0.065145917
    7790           301.1              24     0.066999669
    7791           301.1            28.5     0.068961253
    7792           301.1              33     0.071044177
    7793           301.1            37.5     0.073264106
    7794           301.1              42     0.075639136
    7795           301.1            46.5     0.078190081
    7796           301.1              51      0.08094075
    7797           301.1            55.5     0.083918194
    7798           301.1              60     0.087152902
    7799           301.1            64.5     0.090678909
    7800           301.1              69     0.094533786
    7801           301.1            73.5      0.09875846
    7802           301.1              78      0.10339684
    7803           301.1            82.5       0.1084952
    7804           301.1              87      0.11410135
    7805           301.1            91.5      0.12026356
    7806           301.1              96      0.12702945
    7807           301.1           100.5      0.13444491
    7808           301.1             105      0.14255348
    7809           301.1           109.5       0.1513965
    7810           301.1             114      0.16101459
    7811           301.1           118.5      0.17145107
    7812           301.1             123      0.18275766
    7813           301.1           127.5      0.19500267
    7814           301.1             132      0.20828143
    7815           301.1           136.5      0.22272794
    7816           301.1             141      0.23852621
    7817           301.1           145.5      0.25591889
    7818           301.1             150      0.27521096
    7819           301.1           154.5      0.29676615
    7820           301.1             159      0.32099475
    7821           301.1           163.5      0.34833266
    7822           301.1             168      0.37921247
    7823           301.1           172.5      0.41402874
    7824           301.1             177      0.45309971
    7825           301.1           181.5       0.4966279
    7826           301.1             186      0.54466212
    7827           301.1           190.5      0.59706238
    7828           301.1             195      0.65347013
    7829           301.1           199.5      0.71328595
    7830           301.1             204      0.77565778
    7831           301.1           208.5      0.83948347
    7832           301.1             213       0.9034316
    7833           301.1           217.5      0.96598404
    7834           301.1             222       1.0255018
    7835           301.1           226.5       1.0803125
    7836           301.1             231       1.1288138
    7837           301.1           235.5       1.1695822
    7838           301.1             240       1.2014758
    7839           301.1           244.5       1.2237151
    7840           301.1             249       1.2359323
    7841           301.1           253.5       1.2381811
    7842           301.1             258       1.2309086
    7843           301.1           262.5       1.2148936
    7844           301.1             267       1.1911634
    7845           301.1           271.5       1.1609015
    7846           301.1             276       1.1253575
    7847           301.1           280.5       1.0857692
    7848           301.1             285       1.0433016
    7849           301.1           289.5      0.99900515
    7850           301.1             294       0.9537912
    7851           301.1           298.5      0.90842355
    7852           301.1             303      0.86352074
    7853           301.1           307.5      0.81956645
    7854           301.1             312      0.77692433
    7855           301.1           316.5      0.73585501
    7856           301.1             321      0.69653319
    7857           301.1           325.5      0.65906384
    7858           301.1             330      0.62349671
    7859           301.1           334.5      0.58983891
    7860           301.1             339      0.55806548
    7861           301.1           343.5      0.52812803
    7862           301.1             348      0.49996173
    7863           301.1           352.5      0.47349085
    7864           301.1             357      0.44863297
    7865           301.1           361.5      0.42530228
    7866           301.1             366      0.40341201
    7867           301.1           370.5      0.38287624
    7868           301.1             375      0.36361112
    7869           301.1           379.5       0.3455358
    7870           301.1             384      0.32857299
    7871           301.1           388.5      0.31264932
    7872           301.1             393      0.29769547
    7873           301.1           397.5      0.28364629
    7874           301.1             402      0.27044068
    7875           301.1           406.5      0.25802157
    7876           301.1             411      0.24633568
    7877           301.1           415.5      0.23533341
    7878           301.1             420      0.22496864
    7879           305.4             -30     0.048898226
    7880           305.4           -25.5     0.050041898
    7881           305.4             -21     0.051225236
    7882           305.4           -16.5     0.052450873
    7883           305.4             -12     0.053721807
    7884           305.4            -7.5     0.055041466
    7885           305.4              -3     0.056413783
    7886           305.4             1.5     0.057843281
    7887           305.4               6     0.059335184
    7888           305.4            10.5     0.060895525
    7889           305.4              15     0.062531287
    7890           305.4            19.5      0.06425055
    7891           305.4              24     0.066062662
    7892           305.4            28.5     0.067978427
    7893           305.4              33     0.070010305
    7894           305.4            37.5     0.072172628
    7895           305.4              42     0.074481824
    7896           305.4            46.5     0.076956636
    7897           305.4              51     0.079618334
    7898           305.4            55.5     0.082490899
    7899           305.4              60     0.085601165
    7900           305.4            64.5     0.088978889
    7901           305.4              69     0.092656739
    7902           305.4            73.5     0.096670166
    7903           305.4              78      0.10105715
    7904           305.4            82.5       0.1058578
    7905           305.4              87      0.11111387
    7906           305.4            91.5      0.11686814
    7907           305.4              96      0.12316391
    7908           305.4           100.5      0.13004458
    7909           305.4             105      0.13755374
    7910           305.4           109.5      0.14573585
    7911           305.4             114      0.15463792
    7912           305.4           118.5      0.16431256
    7913           305.4             123       0.1748223
    7914           305.4           127.5      0.18624555
    7915           305.4             132      0.19868341
    7916           305.4           136.5      0.21226691
    7917           305.4             141      0.22716341
    7918           305.4           145.5      0.24358062
    7919           305.4             150      0.26176691
    7920           305.4           154.5      0.28200656
    7921           305.4             159      0.30460906
    7922           305.4           163.5      0.32989249
    7923           305.4             168      0.35816169
    7924           305.4           172.5      0.38968224
    7925           305.4             177      0.42465217
    7926           305.4           181.5      0.46317298
    7927           305.4             186      0.50522183
    7928           305.4           190.5      0.55062655
    7929           305.4             195      0.59904532
    7930           305.4           199.5      0.64995285
    7931           305.4             204      0.70263543
    7932           305.4           208.5      0.75619724
    7933           305.4             213      0.80958028
    7934           305.4           217.5      0.86159945
    7935           305.4             222      0.91099324
    7936           305.4           226.5      0.95648791
    7937           305.4             231      0.99687103
    7938           305.4           235.5       1.0310674
    7939           305.4             240        1.058209
    7940           305.4           244.5       1.0776911
    7941           305.4             249        1.089206
    7942           305.4           253.5       1.0927518
    7943           305.4             258       1.0886159
    7944           305.4           262.5       1.0773351
    7945           305.4             267       1.0596415
    7946           305.4           271.5       1.0363989
    7947           305.4             276       1.0085407
    7948           305.4           280.5      0.97701208
    7949           305.4             285      0.94272395
    7950           305.4           289.5      0.90651789
    7951           305.4             294      0.86914382
    7952           305.4           298.5      0.83124848
    7953           305.4             303      0.79337269
    7954           305.4           307.5      0.75595512
    7955           305.4             312      0.71934044
    7956           305.4           316.5      0.68378984
    7957           305.4             321       0.6494927
    7958           305.4           325.5      0.61657813
    7959           305.4             330      0.58512586
    7960           305.4           334.5      0.55517601
    7961           305.4             339       0.5267377
    7962           305.4           343.5      0.49979624
    7963           305.4             348      0.47431918
    7964           305.4           352.5      0.45026126
    7965           305.4             357      0.42756831
    7966           305.4           361.5      0.40618044
    7967           305.4             366      0.38603438
    7968           305.4           370.5      0.36706545
    7969           305.4             375      0.34920886
    7970           305.4           379.5      0.33240085
    7971           305.4             384      0.31657933
    7972           305.4           388.5      0.30168449
    7973           305.4             393      0.28765908
    7974           305.4           397.5      0.27444864
    7975           305.4             402      0.26200161
    7976           305.4           406.5      0.25026932
    7977           305.4             411      0.23920602
    7978           305.4           415.5      0.22876876
    7979           305.4             420      0.21891733
    7980           309.7             -30      0.04834294
    7981           309.7           -25.5     0.049464797
    7982           309.7             -21     0.050625539
    7983           309.7           -16.5     0.051827753
    7984           309.7             -12     0.053074378
    7985           309.7            -7.5     0.054368759
    7986           309.7              -3     0.055714721
    7987           309.7             1.5     0.057116643
    7988           309.7               6     0.058579549
    7989           309.7            10.5     0.060109215
    7990           309.7              15     0.061712284
    7991           309.7            19.5     0.063396393
    7992           309.7              24      0.06517032
    7993           309.7            28.5      0.06704414
    7994           309.7              33     0.069029392
    7995           309.7            37.5     0.071139253
    7996           309.7              42     0.073388722
    7997           309.7            46.5     0.075794792
    7998           309.7              51     0.078376618
    7999           309.7            55.5     0.081155659
    8000           309.7              60     0.084155789
    8001           309.7            64.5     0.087403357
    8002           309.7              69     0.090927189
    8003           309.7            73.5     0.094758514
    8004           309.7              78     0.098930814
    8005           309.7            82.5      0.10347961
    8006           309.7              87      0.10844219
    8007           309.7            91.5      0.11385734
    8008           309.7              96      0.11976521
    8009           309.7           100.5      0.12620725
    8010           309.7             105      0.13322665
    8011           309.7           109.5      0.14086919
    8012           309.7             114      0.14918484
    8013           309.7           118.5      0.15823017
    8014           309.7             123      0.16807158
    8015           309.7           127.5      0.17878937
    8016           309.7             132      0.19048211
    8017           309.7           136.5      0.20327093
    8018           309.7             141      0.21730276
    8019           309.7           145.5      0.23275174
    8020           309.7             150      0.24981775
    8021           309.7           154.5      0.26872131
    8022           309.7             159      0.28969445
    8023           309.7           163.5       0.3129675
    8024           309.7             168      0.33875236
    8025           309.7           172.5      0.36722293
    8026           309.7             177      0.39849412
    8027           309.7           181.5      0.43260058
    8028           309.7             186      0.46947653
    8029           309.7           190.5      0.50893815
    8030           309.7             195      0.55066998
    8031           309.7           199.5      0.59421677
    8032           309.7             204      0.63898247
    8033           309.7           208.5       0.6842379
    8034           309.7             213      0.72913847
    8035           309.7           217.5      0.77275249
    8036           309.7             222      0.81409999
    8037           309.7           226.5      0.85220011
    8038           309.7             231      0.88612395
    8039           309.7           235.5       0.9150482
    8040           309.7             240      0.93830418
    8041           309.7           244.5      0.95541667
    8042           309.7             249      0.96612837
    8043           309.7           253.5       0.9704071
    8044           309.7             258      0.96843577
    8045           309.7           262.5        0.960587
    8046           309.7             267      0.94738653
    8047           309.7           271.5      0.92947003
    8048           309.7             276      0.90753871
    8049           309.7           280.5      0.88231761
    8050           309.7             285      0.85452003
    8051           309.7           289.5      0.82481959
    8052           309.7             294       0.7938306
    8053           309.7           298.5      0.76209609
    8054           309.7             303      0.73008254
    8055           309.7           307.5      0.69817986
    8056           309.7             312      0.66670513
    8057           309.7           316.5      0.63590873
    8058           309.7             321      0.60598197
    8059           309.7           325.5      0.57706508
    8060           309.7             330      0.54925523
    8061           309.7           334.5      0.52261392
    8062           309.7             339      0.49717381
    8063           309.7           343.5      0.47294458
    8064           309.7             348      0.44991802
    8065           309.7           352.5      0.42807232
    8066           309.7             357      0.40737557
    8067           309.7           361.5      0.38778865
    8068           309.7             366      0.36926754
    8069           309.7           370.5      0.35176512
    8070           309.7             375      0.33523267
    8071           309.7           379.5       0.3196209
    8072           309.7             384      0.30488083
    8073           309.7           388.5       0.2909644
    8074           309.7             393      0.27782493
    8075           309.7           397.5       0.2654174
    8076           309.7             402      0.25369872
    8077           309.7           406.5      0.24262778
    8078           309.7             411      0.23216559
    8079           309.7           415.5      0.22227523
    8080           309.7             420       0.2129219
    8081             314             -30     0.047802825
    8082             314           -25.5     0.048904228
    8083             314             -21     0.050043818
    8084             314           -16.5     0.051224141
    8085             314             -12     0.052448081
    8086             314            -7.5     0.053718905
    8087             314              -3     0.055040334
    8088             314             1.5      0.05641661
    8089             314               6     0.057852574
    8090             314            10.5     0.059353762
    8091             314              15     0.060926504
    8092             314            19.5     0.062578034
    8093             314              24     0.064316617
    8094             314            28.5     0.066151679
    8095             314              33     0.068093945
    8096             314            37.5      0.07015559
    8097             314              42     0.072350381
    8098             314            46.5     0.074693826
    8099             314              51     0.077203302
    8100             314            55.5      0.07989818
    8101             314              60     0.082799915
    8102             314            64.5     0.085932105
    8103             314              69      0.08932051
    8104             314            73.5     0.092993033
    8105             314              78      0.09697965
    8106             314            82.5      0.10131232
    8107             314              87      0.10602488
    8108             314            91.5      0.11115299
    8109             314              96      0.11673416
    8110             314           100.5      0.12280795
    8111             314             105       0.1294165
    8112             314           109.5      0.13660535
    8113             314             114      0.14442477
    8114             314           118.5      0.15293164
    8115             314             123      0.16219169
    8116             314           127.5      0.17228221
    8117             314             132      0.18329469
    8118             314           136.5      0.19533716
    8119             314             141      0.20853557
    8120             314           145.5       0.2230336
    8121             314             150      0.23899041
    8122             314           154.5      0.25657569
    8123             314             159        0.275962
    8124             314           163.5       0.2973142
    8125             314             168      0.32077657
    8126             314           172.5      0.34645805
    8127             314             177      0.37441668
    8128             314           181.5      0.40464391
    8129             314             186      0.43705019
    8130             314           190.5      0.47145263
    8131             314             195      0.50756613
    8132             314           199.5      0.54499888
    8133             314             204       0.5832536
    8134             314           208.5      0.62173522
    8135             314             213      0.65976606
    8136             314           217.5      0.69660846
    8137             314             222      0.73149436
    8138             314           226.5      0.76366062
    8139             314             231      0.79238736
    8140             314           235.5      0.81703643
    8141             314             240      0.83708623
    8142             314           244.5      0.85215937
    8143             314             249      0.86204038
    8144             314           253.5      0.86668165
    8145             314             258      0.86619756
    8146             314           262.5      0.86084786
    8147             314             267      0.85101291
    8148             314           271.5      0.83716374
    8149             314             276      0.81983044
    8150             314           280.5      0.79957158
    8151             314             285       0.7769472
    8152             314           289.5      0.75249659
    8153             314             294      0.72672176
    8154             314           298.5      0.70007613
    8155             314             303      0.67295836
    8156             314           307.5      0.64571022
    8157             314             312      0.61861752
    8158             314           316.5      0.59191342
    8159             314             321      0.56578307
    8160             314           325.5        0.540369
    8161             314             330      0.51577684
    8162             314           334.5      0.49208087
    8163             314             339      0.46932923
    8164             314           343.5      0.44754865
    8165             314             348      0.42674863
    8166             314           352.5      0.40692506
    8167             314             357      0.38806326
    8168             314           361.5      0.37014058
    8169             314             366      0.35312849
    8170             314           370.5      0.33699432
    8171             314             375      0.32170266
    8172             314           379.5      0.30721645
    8173             314             384      0.29349785
    8174             314           388.5      0.28050894
    8175             314             393      0.26821218
    8176             314           397.5      0.25657087
    8177             314             402      0.24554936
    8178             314           406.5      0.23511329
    8179             314             411      0.22522971
    8180             314           415.5      0.21586715
    8181             314             420      0.20699569
    8182           318.3             -30     0.047276474
    8183           318.3           -25.5     0.048358591
    8184           318.3             -21     0.049478263
    8185           318.3           -16.5     0.050637995
    8186           318.3             -12     0.051840616
    8187           318.3            -7.5     0.053089321
    8188           318.3              -3     0.054387729
    8189           318.3             1.5      0.05573995
    8190           318.3               6     0.057150655
    8191           318.3            10.5     0.058625154
    8192           318.3              15     0.060169487
    8193           318.3            19.5      0.06179052
    8194           318.3              24     0.063496052
    8195           318.3            28.5     0.065294926
    8196           318.3              33     0.067197149
    8197           318.3            37.5     0.069214014
    8198           318.3              42     0.071358221
    8199           318.3            46.5     0.073644003
    8200           318.3              51     0.076087233
    8201           318.3            55.5     0.078705528
    8202           318.3              60     0.081518334
    8203           318.3            64.5     0.084546986
    8204           318.3              69     0.087814749
    8205           318.3            73.5     0.091346829
    8206           318.3              78     0.095170372
    8207           318.3            82.5     0.099314447
    8208           318.3              87      0.10381006
    8209           318.3            91.5      0.10869019
    8210           318.3              96      0.11398995
    8211           318.3           100.5      0.11974685
    8212           318.3             105       0.1260013
    8213           318.3           109.5      0.13279738
    8214           318.3             114      0.14018382
    8215           318.3           118.5      0.14821535
    8216           318.3             123      0.15695429
    8217           318.3           127.5      0.16647215
    8218           318.3             132      0.17685114
    8219           318.3           136.5      0.18818527
    8220           318.3             141      0.20058055
    8221           318.3           145.5      0.21415401
    8222           318.3             150      0.22903111
    8223           318.3           154.5      0.24534127
    8224           318.3             159      0.26321138
    8225           318.3           163.5      0.28275752
    8226           318.3             168      0.30407487
    8227           318.3           172.5      0.32722665
    8228           318.3             177      0.35223248
    8229           318.3           181.5      0.37905693
    8230           318.3             186      0.40759922
    8231           318.3           190.5      0.43768475
    8232           318.3             195      0.46905941
    8233           318.3           199.5      0.50138743
    8234           318.3             204      0.53425375
    8235           318.3           208.5      0.56717116
    8236           318.3             213      0.59959301
    8237           318.3           217.5      0.63093109
    8238           318.3             222      0.66057836
    8239           318.3           226.5      0.68793528
    8240           318.3             231      0.71243807
    8241           318.3           235.5      0.73358655
    8242           318.3             240      0.75096933
    8243           318.3           244.5      0.76428379
    8244           318.3             249       0.7733491
    8245           318.3           253.5      0.77811112
    8246           318.3             258      0.77863901
    8247           318.3           262.5       0.7751143
    8248           318.3             267      0.76781386
    8249           318.3           271.5      0.75708906
    8250           318.3             276      0.74334293
    8251           318.3           280.5      0.72700781
    8252           318.3             285      0.70852472
    8253           318.3           289.5      0.68832595
    8254           318.3             294      0.66682126
    8255           318.3           298.5      0.64438801
    8256           318.3             303      0.62136472
    8257           318.3           307.5      0.59804801
    8258           318.3             312      0.57469191
    8259           318.3           316.5       0.5515092
    8260           318.3             321      0.52867404
    8261           318.3           325.5      0.50632551
    8262           318.3             330      0.48457147
    8263           318.3           334.5       0.4634927
    8264           318.3             339      0.44314679
    8265           318.3           343.5      0.42357186
    8266           318.3             348      0.40478995
    8267           318.3           352.5      0.38680999
    8268           318.3             357       0.3696304
    8269           318.3           361.5      0.35324137
    8270           318.3             366      0.33762672
    8271           318.3           370.5      0.32276546
    8272           318.3             375      0.30863315
    8273           318.3           379.5      0.29520292
    8274           318.3             384      0.28244634
    8275           318.3           388.5      0.27033412
    8276           318.3             393      0.25883665
    8277           318.3           397.5      0.24792442
    8278           318.3             402      0.23756834
    8279           318.3           406.5      0.22773999
    8280           318.3             411      0.21841181
    8281           318.3           415.5      0.20955719
    8282           318.3             420      0.20115062
    8283           322.6             -30     0.046762544
    8284           322.6           -25.5      0.04782637
    8285           322.6             -21     0.048927166
    8286           322.6           -16.5     0.050067397
    8287           322.6             -12     0.051249835
    8288           322.6            -7.5     0.052477604
    8289           322.6              -3     0.053754226
    8290           322.6             1.5     0.055083683
    8291           322.6               6     0.056470482
    8292           322.6            10.5      0.05791972
    8293           322.6              15     0.059437168
    8294           322.6            19.5      0.06102935
    8295           322.6              24      0.06270364
    8296           322.6            28.5     0.064468355
    8297           322.6              33     0.066332858
    8298           322.6            37.5     0.068307661
    8299           322.6              42     0.070404532
    8300           322.6            46.5     0.072636595
    8301           322.6              51      0.07501843
    8302           322.6            55.5      0.07756616
    8303           322.6              60     0.080297532
    8304           322.6            64.5     0.083231981
    8305           322.6              69     0.086390682
    8306           322.6            73.5     0.089796589
    8307           322.6              78     0.093474469
    8308           322.6            82.5     0.097450945
    8309           322.6              87      0.10175455
    8310           322.6            91.5      0.10641585
    8311           322.6              96      0.11146759
    8312           322.6           100.5      0.11694503
    8313           322.6             105      0.12288636
    8314           322.6           109.5      0.12933325
    8315           322.6             114      0.13633167
    8316           322.6           118.5      0.14393275
    8317           322.6             123       0.1521938
    8318           322.6           127.5      0.16117919
    8319           322.6             132      0.17096115
    8320           322.6           136.5      0.18161996
    8321           322.6             141      0.19324358
    8322           322.6           145.5      0.20592623
    8323           322.6             150      0.21976581
    8324           322.6           154.5      0.23485993
    8325           322.6             159       0.2513006
    8326           322.6           163.5      0.26916754
    8327           322.6             168      0.28852047
    8328           322.6           172.5      0.30939068
    8329           322.6             177       0.3317724
    8330           322.6           181.5      0.35561443
    8331           322.6             186      0.38081284
    8332           322.6           190.5      0.40720523
    8333           322.6             195      0.43456719
    8334           322.6           199.5      0.46261169
    8335           322.6             204      0.49099181
    8336           322.6           208.5      0.51930719
    8337           322.6             213      0.54711441
    8338           322.6           217.5      0.57394123
    8339           322.6             222      0.59930395
    8340           322.6           226.5      0.62272733
    8341           322.6             231       0.6437655
    8342           322.6           235.5      0.66202244
    8343           322.6             240       0.6771704
    8344           322.6           244.5      0.68896458
    8345           322.6             249      0.69725284
    8346           322.6           253.5      0.70197968
    8347           322.6             258      0.70318445
    8348           322.6           262.5      0.70099398
    8349           322.6             267      0.69561091
    8350           322.6           271.5      0.68729887
    8351           322.6             276      0.67636606
    8352           322.6           280.5       0.6631486
    8353           322.6             285      0.64799498
    8354           322.6           289.5      0.63125233
    8355           322.6             294      0.61325515
    8356           322.6           298.5      0.59431684
    8357           322.6             303      0.57472367
    8358           322.6           307.5      0.55473129
    8359           322.6             312      0.53456318
    8360           322.6           316.5      0.51441076
    8361           322.6             321      0.49443467
    8362           322.6           325.5      0.47476689
    8363           322.6             330      0.45551339
    8364           322.6           334.5      0.43675695
    8365           322.6             339      0.41856018
    8366           322.6           343.5       0.4009683
    8367           322.6             348      0.38401182
    8368           322.6           352.5        0.367709
    8369           322.6             357      0.35206803
    8370           322.6           361.5      0.33708891
    8371           322.6             366      0.32276514
    8372           322.6           370.5      0.30908508
    8373           322.6             375      0.29603322
    8374           322.6           379.5      0.28359109
    8375           322.6             384      0.27173815
    8376           322.6           388.5      0.26045242
    8377           322.6             393      0.24971105
    8378           322.6           397.5      0.23949074
    8379           322.6             402      0.22976811
    8380           322.6           406.5      0.22051996
    8381           322.6             411      0.21172349
    8382           322.6           415.5      0.20335643
    8383           322.6             420      0.19539721
    8384           326.9             -30     0.046259767
    8385           326.9           -25.5      0.04730614
    8386           326.9             -21     0.048388928
    8387           326.9           -16.5     0.049510557
    8388           326.9             -12     0.050673744
    8389           326.9            -7.5     0.051881536
    8390           326.9              -3     0.053137361
    8391           326.9             1.5      0.05444508
    8392           326.9               6     0.055809036
    8393           326.9            10.5     0.057234127
    8394           326.9              15     0.058725867
    8395           326.9            19.5     0.060290465
    8396           326.9              24     0.061934901
    8397           326.9            28.5     0.063667012
    8398           326.9              33     0.065495579
    8399           326.9            37.5     0.067430416
    8400           326.9              42     0.069482461
    8401           326.9            46.5     0.071663865
    8402           326.9              51     0.073988077
    8403           326.9            55.5     0.076469925
    8404           326.9              60     0.079125691
    8405           326.9            64.5     0.081973174
    8406           326.9              69     0.085031753
    8407           326.9            73.5     0.088322439
    8408           326.9              78     0.091867932
    8409           326.9            82.5     0.095692686
    8410           326.9              87     0.099822998
    8411           326.9            91.5      0.10428713
    8412           326.9              96      0.10911549
    8413           326.9           100.5      0.11434089
    8414           326.9             105      0.11999889
    8415           326.9           109.5      0.12612823
    8416           326.9             114      0.13277134
    8417           326.9           118.5      0.13997493
    8418           326.9             123      0.14779057
    8419           326.9           127.5      0.15627506
    8420           326.9             132      0.16549071
    8421           326.9           136.5      0.17550512
    8422           326.9             141      0.18639034
    8423           326.9           145.5      0.19822141
    8424           326.9             150      0.21107387
    8425           326.9           154.5      0.22502038
    8426           326.9             159       0.2401263
    8427           326.9           163.5      0.25644442
    8428           326.9             168      0.27400899
    8429           326.9           172.5      0.29282931
    8430           326.9             177      0.31288332
    8431           326.9           181.5      0.33411155
    8432           326.9             186      0.35641195
    8433           326.9           190.5      0.37963604
    8434           326.9             195      0.40358692
    8435           326.9           199.5      0.42801944
    8436           326.9             204      0.45264305
    8437           326.9           208.5      0.47712744
    8438           326.9             213      0.50111098
    8439           326.9           217.5      0.52421195
    8440           326.9             222        0.546042
    8441           326.9           226.5      0.56622122
    8442           326.9             231      0.58439378
    8443           326.9           235.5      0.60024322
    8444           326.9             240      0.61350602
    8445           326.9           244.5      0.62398257
    8446           326.9             249      0.63154449
    8447           326.9           253.5       0.6361379
    8448           326.9             258       0.6377825
    8449           326.9           262.5      0.63656668
    8450           326.9             267      0.63263937
    8451           326.9           271.5      0.62619945
    8452           326.9             276      0.61748382
    8453           326.9           280.5      0.60675503
    8454           326.9             285       0.5942894
    8455           326.9           289.5      0.58036628
    8456           326.9             294      0.56525897
    8457           326.9           298.5      0.54922753
    8458           326.9             303      0.53251338
    8459           326.9           307.5      0.51533579
    8460           326.9             312      0.49788992
    8461           326.9           316.5      0.48034619
    8462           326.9             321      0.46285066
    8463           326.9           325.5       0.4455262
    8464           326.9             330      0.42847414
    8465           326.9           334.5      0.41177625
    8466           326.9             339      0.39549692
    8467           326.9           343.5      0.37968523
    8468           326.9             348      0.36437709
    8469           326.9           352.5      0.34959717
    8470           326.9             357      0.33536068
    8471           326.9           361.5      0.32167499
    8472           326.9             366      0.30854105
    8473           326.9           370.5      0.29595463
    8474           326.9             375      0.28390736
    8475           326.9           379.5      0.27238766
    8476           326.9             384       0.2613815
    8477           326.9           388.5      0.25087304
    8478           326.9             393      0.24084517
    8479           326.9           397.5      0.23127992
    8480           326.9             402      0.22215883
    8481           326.9           406.5      0.21346327
    8482           326.9             411      0.20517461
    8483           326.9           415.5      0.19727442
    8484           326.9             420      0.18974464
    8485           331.2             -30     0.045766951
    8486           331.2           -25.5     0.046796567
    8487           331.2             -21     0.047862064
    8488           331.2           -16.5     0.048965823
    8489           331.2             -12     0.050110504
    8490           331.2            -7.5     0.051299082
    8491           331.2              -3     0.052534888
    8492           331.2             1.5     0.053821659
    8493           331.2               6     0.055163585
    8494           331.2            10.5     0.056565369
    8495           331.2              15     0.058032283
    8496           331.2            19.5     0.059570236
    8497           331.2              24     0.061185843
    8498           331.2            28.5     0.062886499
    8499           331.2              33     0.064680452
    8500           331.2            37.5     0.066576884
    8501           331.2              42     0.068585987
    8502           331.2            46.5     0.070719041
    8503           331.2              51     0.072988494
    8504           331.2            55.5     0.075408029
    8505           331.2              60     0.077992635
    8506           331.2            64.5     0.080758674
    8507           331.2              69      0.08372394
    8508           331.2            73.5      0.08690772
    8509           331.2              78      0.09033086
    8510           331.2            82.5     0.094015838
    8511           331.2              87     0.097986857
    8512           331.2            91.5      0.10226996
    8513           331.2              96       0.1068932
    8514           331.2           100.5      0.11188683
    8515           331.2             105      0.11728355
    8516           331.2           109.5      0.12311883
    8517           331.2             114       0.1294312
    8518           331.2           118.5      0.13626261
    8519           331.2             123      0.14365866
    8520           331.2           127.5      0.15166869
    8521           331.2             132      0.16034572
    8522           331.2           136.5      0.16974591
    8523           331.2             141      0.17992767
    8524           331.2           145.5      0.19095006
    8525           331.2             150      0.20287064
    8526           331.2           154.5      0.21574254
    8527           331.2             159      0.22961091
    8528           331.2           163.5      0.24450867
    8529           331.2             168      0.26045194
    8530           331.2           172.5      0.27743516
    8531           331.2             177      0.29542635
    8532           331.2           181.5      0.31436274
    8533           331.2             186       0.3341471
    8534           331.2           190.5      0.35464533
    8535           331.2             195      0.37568533
    8536           331.2           199.5      0.39705775
    8537           331.2             204      0.41851866
    8538           331.2           208.5      0.43979438
    8539           331.2             213      0.46058839
    8540           331.2           217.5      0.48059016
    8541           331.2             222      0.49948562
    8542           331.2           226.5      0.51696864
    8543           331.2             231      0.53275287
    8544           331.2           235.5      0.54658325
    8545           331.2             240      0.55824614
    8546           331.2           244.5      0.56757758
    8547           331.2             249      0.57446889
    8548           331.2           253.5       0.5788694
    8549           331.2             258      0.58078598
    8550           331.2           262.5      0.58027986
    8551           331.2             267      0.57746081
    8552           331.2           271.5      0.57247963
    8553           331.2             276      0.56551931
    8554           331.2           280.5      0.55678582
    8555           331.2             285      0.54649905
    8556           331.2           289.5      0.53488439
    8557           331.2             294      0.52216543
    8558           331.2           298.5      0.50855795
    8559           331.2             303      0.49426523
    8560           331.2           307.5       0.4794747
    8561           331.2             312       0.4643559
    8562           331.2           316.5      0.44905939
    8563           331.2             321      0.43371658
    8564           331.2           325.5      0.41844025
    8565           331.2             330      0.40332548
    8566           331.2           334.5      0.38845102
    8567           331.2             339      0.37388074
    8568           331.2           343.5      0.35966525
    8569           331.2             348      0.34584349
    8570           331.2           352.5      0.33244424
    8571           331.2             357      0.31948762
    8572           331.2           361.5      0.30698636
    8573           331.2             366      0.29494705
    8574           331.2           370.5      0.28337118
    8575           331.2             375      0.27225605
    8576           331.2           379.5      0.26159565
    8577           331.2             384      0.25138129
    8578           331.2           388.5      0.24160223
    8579           331.2             393      0.23224618
    8580           331.2           397.5      0.22329971
    8581           331.2             402      0.21474861
    8582           331.2           406.5      0.20657816
    8583           331.2             411      0.19877339
    8584           331.2           415.5      0.19131927
    8585           331.2             420      0.18420082
    8586           335.5             -30      0.04528299
    8587           335.5           -25.5     0.046296419
    8588           335.5             -21     0.047345202
    8589           335.5           -16.5     0.048431676
    8590           335.5             -12      0.04955844
    8591           335.5            -7.5     0.050728392
    8592           335.5              -3     0.051944769
    8593           335.5             1.5     0.053211184
    8594           335.5               6     0.054531678
    8595           335.5            10.5     0.055910761
    8596           335.5              15     0.057353476
    8597           335.5            19.5     0.058865446
    8598           335.5              24     0.060452945
    8599           335.5            28.5     0.062122952
    8600           335.5              33     0.063883225
    8601           335.5            37.5     0.065742365
    8602           335.5              42     0.067709884
    8603           335.5            46.5     0.069796276
    8604           335.5              51     0.072013083
    8605           335.5            55.5     0.074372959
    8606           335.5              60     0.076889736
    8607           335.5            64.5      0.07957848
    8608           335.5              69     0.082455559
    8609           335.5            73.5     0.085538694
    8610           335.5              78     0.088847031
    8611           335.5            82.5     0.092401208
    8612           335.5              87     0.096223439
    8613           335.5            91.5      0.10033762
    8614           335.5              96      0.10476944
    8615           335.5           100.5      0.10954654
    8616           335.5             105       0.1146987
    8617           335.5           109.5      0.12025795
    8618           335.5             114      0.12625885
    8619           335.5           118.5       0.1327385
    8620           335.5             123       0.1397367
    8621           335.5           127.5      0.14729576
    8622           335.5             132      0.15546024
    8623           335.5           136.5      0.16427631
    8624           335.5             141      0.17379072
    8625           335.5           145.5      0.18404944
    8626           335.5             150      0.19509563
    8627           335.5           154.5      0.20696727
    8628           335.5             159      0.21969419
    8629           335.5           163.5      0.23329478
    8630           335.5             168      0.24777244
    8631           335.5           172.5      0.26311185
    8632           335.5             177      0.27927549
    8633           335.5           181.5       0.2962005
    8634           335.5             186      0.31379614
    8635           335.5           190.5      0.33194224
    8636           335.5             195       0.3504888
    8637           335.5           199.5      0.36925688
    8638           335.5             204      0.38804116
    8639           335.5           208.5      0.40661391
    8640           335.5             213      0.42473069
    8641           335.5           217.5      0.44213733
    8642           335.5             222      0.45857807
    8643           335.5           226.5       0.4738044
    8644           335.5             231       0.4875841
    8645           335.5           235.5      0.49970994
    8646           335.5             240      0.51000738
    8647           335.5           244.5      0.51834085
    8648           335.5             249      0.52461808
    8649           335.5           253.5      0.52879229
    8650           335.5             258      0.53086217
    8651           335.5           262.5      0.53086962
    8652           335.5             267      0.52889576
    8653           335.5           271.5      0.52505538
    8654           335.5             276      0.51949049
    8655           335.5           280.5      0.51236338
    8656           335.5             285      0.50384966
    8657           335.5           289.5      0.49413167
    8658           335.5             294      0.48339267
    8659           335.5           298.5      0.47181177
    8660           335.5             303      0.45956002
    8661           335.5           307.5       0.4467973
    8662           335.5             312      0.43367032
    8663           335.5           316.5      0.42031135
    8664           335.5             321       0.4068377
    8665           335.5           325.5      0.39335178
    8666           335.5             330      0.37994161
    8667           335.5           334.5      0.36668159
    8668           335.5             339      0.35363359
    8669           335.5           343.5      0.34084802
    8670           335.5             348       0.3283651
    8671           335.5           352.5      0.31621602
    8672           335.5             357      0.30442406
    8673           335.5           361.5      0.29300576
    8674           335.5             366      0.28197183
    8675           335.5           370.5       0.2713281
    8676           335.5             375      0.26107633
    8677           335.5           379.5      0.25121492
    8678           335.5             384      0.24173952
    8679           335.5           388.5      0.23264359
    8680           335.5             393      0.22391886
    8681           335.5           397.5      0.21555573
    8682           335.5             402      0.20754359
    8683           335.5           406.5      0.19987112
    8684           335.5             411      0.19252652
    8685           335.5           415.5      0.18549769
    8686           335.5             420      0.17877242
    8687           339.8             -30     0.044806859
    8688           339.8           -25.5      0.04580456
    8689           339.8             -21     0.046837089
    8690           339.8           -16.5     0.047906731
    8691           339.8             -12     0.049016027
    8692           339.8            -7.5     0.050167794
    8693           339.8              -3     0.051365173
    8694           339.8             1.5     0.052611655
    8695           339.8               6     0.053911129
    8696           339.8            10.5     0.055267924
    8697           339.8              15     0.056686854
    8698           339.8            19.5     0.058173273
    8699           339.8              24     0.059733128
    8700           339.8            28.5      0.06137301
    8701           339.8              33     0.063100217
    8702           339.8            37.5     0.064922811
    8703           339.8              42      0.06684968
    8704           339.8            46.5     0.068890592
    8705           339.8              51     0.071056264
    8706           339.8            55.5     0.073358409
    8707           339.8              60     0.075809801
    8708           339.8            64.5     0.078424327
    8709           339.8              69     0.081217044
    8710           339.8            73.5      0.08420423
    8711           339.8              78     0.087403446
    8712           339.8            82.5     0.090833596
    8713           339.8              87     0.094514995
    8714           339.8            91.5      0.09846945
    8715           339.8              96      0.10272034
    8716           339.8           100.5      0.10729272
    8717           339.8             105      0.11221341
    8718           339.8           109.5      0.11751109
    8719           339.8             114      0.12321632
    8720           339.8           118.5      0.12936161
    8721           339.8             123      0.13598125
    8722           339.8           127.5      0.14311114
    8723           339.8             132      0.15078831
    8724           339.8           136.5      0.15905029
    8725           339.8             141      0.16793411
    8726           339.8           145.5      0.17747501
    8727           339.8             150      0.18770473
    8728           339.8           154.5      0.19864949
    8729           339.8             159      0.21032767
    8730           339.8           163.5      0.22274712
    8731           339.8             168      0.23590244
    8732           339.8           172.5      0.24977222
    8733           339.8             177      0.26431639
    8734           339.8           181.5      0.27947402
    8735           339.8             186      0.29516158
    8736           339.8           190.5      0.31127205
    8737           339.8             195      0.32767481
    8738           339.8           199.5      0.34421677
    8739           339.8             204      0.36072455
    8740           339.8           208.5       0.3770079
    8741           339.8             213      0.39286426
    8742           339.8           217.5      0.40808436
    8743           339.8             222      0.42245854
    8744           339.8           226.5      0.43578367
    8745           339.8             231      0.44787006
    8746           339.8           235.5      0.45854809
    8747           339.8             240      0.46767415
    8748           339.8           244.5      0.47513546
    8749           339.8             249      0.48085342
    8750           339.8           253.5      0.48478542
    8751           339.8             258      0.48692501
    8752           339.8           262.5      0.48730037
    8753           339.8             267      0.48597146
    8754           339.8           271.5      0.48302601
    8755           339.8             276       0.4785747
    8756           339.8           280.5      0.47274591
    8757           339.8             285      0.46568039
    8758           339.8           289.5       0.4575261
    8759           339.8             294       0.4484335
    8760           339.8           298.5      0.43855146
    8761           339.8             303      0.42802387
    8762           339.8           307.5      0.41698695
    8763           339.8             312       0.4055673
    8764           339.8           316.5      0.39388064
    8765           339.8             321      0.38203109
    8766           339.8           325.5      0.37011091
    8767           339.8             330       0.3582007
    8768           339.8           334.5      0.34636984
    8769           339.8             339      0.33467716
    8770           339.8           343.5      0.32317173
    8771           339.8             348      0.31189376
    8772           339.8           352.5      0.30087551
    8773           339.8             357      0.29014216
    8774           339.8           361.5      0.27971274
    8775           339.8             366      0.26960091
    8776           339.8           370.5      0.25981572
    8777           339.8             375      0.25036233
    8778           339.8           379.5      0.24124261
    8779           339.8             384      0.23245568
    8780           339.8           388.5      0.22399841
    8781           339.8             393      0.21586588
    8782           339.8           397.5      0.20805165
    8783           339.8             402       0.2005482
    8784           339.8           406.5      0.19334709
    8785           339.8             411      0.18643925
    8786           339.8           415.5      0.17981515
    8787           339.8             420      0.17346498
    8788           344.1             -30     0.044337621
    8789           344.1           -25.5     0.045319955
    8790           344.1             -21     0.046336583
    8791           344.1           -16.5     0.047389738
    8792           344.1             -12     0.048481895
    8793           344.1            -7.5     0.049615793
    8794           344.1              -3      0.05079447
    8795           344.1             1.5     0.052021298
    8796           344.1               6     0.053300015
    8797           344.1            10.5     0.054634767
    8798           344.1              15     0.056030153
    8799           344.1            19.5     0.057491264
    8800           344.1              24     0.059023733
    8801           344.1            28.5     0.060633785
    8802           344.1              33     0.062328284
    8803           344.1            37.5     0.064114788
    8804           344.1              42       0.0660016
    8805           344.1            46.5     0.067997818
    8806           344.1              51     0.070113392
    8807           344.1            55.5     0.072359168
    8808           344.1              60     0.074746943
    8809           344.1            64.5     0.077289512
    8810           344.1              69     0.080000713
    8811           344.1            73.5     0.082895479
    8812           344.1              78     0.085989884
    8813           344.1            82.5     0.089301189
    8814           344.1              87     0.092847897
    8815           344.1            91.5     0.096649803
    8816           344.1              96      0.10072805
    8817           344.1           100.5      0.10510516
    8818           344.1             105       0.1098051
    8819           344.1           109.5      0.11485328
    8820           344.1             114      0.12027651
    8821           344.1           118.5      0.12610293
    8822           344.1             123      0.13236184
    8823           344.1           127.5      0.13908336
    8824           344.1             132      0.14629795
    8825           344.1           136.5      0.15403579
    8826           344.1             141      0.16232581
    8827           344.1           145.5      0.17119456
    8828           344.1             150      0.18066477
    8829           344.1           154.5      0.19075365
    8830           344.1             159      0.20147101
    8831           344.1           163.5      0.21281717
    8832           344.1             168      0.22478087
    8833           344.1           172.5      0.23733712
    8834           344.1             177      0.25044533
    8835           344.1           181.5      0.26404772
    8836           344.1             186      0.27806816
    8837           344.1           190.5      0.29241165
    8838           344.1             195      0.30696457
    8839           344.1           199.5      0.32159571
    8840           344.1             204      0.33615822
    8841           344.1           208.5      0.35049248
    8842           344.1             213      0.36442982
    8843           344.1           217.5      0.37779692
    8844           344.1             222       0.3904209
    8845           344.1           226.5       0.4021346
    8846           344.1             231      0.41278201
    8847           344.1           235.5      0.42222336
    8848           344.1             240      0.43033972
    8849           344.1           244.5      0.43703671
    8850           344.1             249      0.44224716
    8851           344.1           253.5       0.4459326
    8852           344.1             258      0.44808352
    8853           344.1           262.5       0.4487183
    8854           344.1             267      0.44788127
    8855           344.1           271.5      0.44563966
    8856           344.1             276      0.44208007
    8857           344.1           280.5      0.43730447
    8858           344.1             285      0.43142607
    8859           344.1           289.5      0.42456525
    8860           344.1             294      0.41684584
    8861           344.1           298.5      0.40839172
    8862           344.1             303        0.399324
    8863           344.1           307.5      0.38975866
    8864           344.1             312      0.37980477
    8865           344.1           316.5      0.36956326
    8866           344.1             321      0.35912613
    8867           344.1           325.5      0.34857599
    8868           344.1             330      0.33798607
    8869           344.1           334.5      0.32742038
    8870           344.1             339      0.31693414
    8871           344.1           343.5      0.30657427
    8872           344.1             348      0.29638007
    8873           344.1           352.5       0.2863839
    8874           344.1             357      0.27661185
    8875           344.1           361.5      0.26708445
    8876           344.1             366      0.25781733
    8877           344.1           370.5      0.24882187
    8878           344.1             375      0.24010576
    8879           344.1           379.5      0.23167352
    8880           344.1             384      0.22352704
    8881           344.1           388.5      0.21566593
    8882           344.1             393      0.20808798
    8883           344.1           397.5      0.20078942
    8884           344.1             402      0.19376526
    8885           344.1           406.5      0.18700955
    8886           344.1             411      0.18051554
    8887           344.1           415.5      0.17427593
    8888           344.1             420      0.16828298
    8889           348.4             -30     0.043874421
    8890           348.4           -25.5     0.044841666
    8891           348.4             -21     0.045842658
    8892           348.4           -16.5     0.046879575
    8893           348.4             -12     0.047954823
    8894           348.4            -7.5     0.049071059
    8895           348.4              -3      0.05023122
    8896           348.4             1.5     0.051438554
    8897           348.4               6     0.052696651
    8898           348.4            10.5     0.054009479
    8899           348.4              15     0.055381421
    8900           348.4            19.5     0.056817315
    8901           348.4              24     0.058322495
    8902           348.4            28.5     0.059902832
    8903           348.4              33     0.061564781
    8904           348.4            37.5     0.063315424
    8905           348.4              42     0.065162513
    8906           348.4            46.5      0.06711452
    8907           348.4              51     0.069180678
    8908           348.4            55.5     0.071371023
    8909           348.4              60     0.073696443
    8910           348.4            64.5      0.07616871
    8911           348.4              69     0.078800527
    8912           348.4            73.5     0.081605563
    8913           348.4              78     0.084598488
    8914           348.4            82.5     0.087795009
    8915           348.4              87     0.091211904
    8916           348.4            91.5     0.094867048
    8917           348.4              96     0.098779434
    8918           348.4           100.5      0.10296918
    8919           348.4             105      0.10745754
    8920           348.4           109.5      0.11226683
    8921           348.4             114      0.11742036
    8922           348.4           118.5      0.12294228
    8923           348.4             123      0.12885738
    8924           348.4           127.5      0.13519069
    8925           348.4             132      0.14196701
    8926           348.4           136.5      0.14921032
    8927           348.4             141      0.15694287
    8928           348.4           145.5      0.16518424
    8929           348.4             150      0.17395006
    8930           348.4           154.5      0.18325066
    8931           348.4             159      0.19308957
    8932           348.4           163.5      0.20346182
    8933           348.4             168      0.21435235
    8934           348.4           172.5      0.22573444
    8935           348.4             177      0.23756828
    8936           348.4           181.5      0.24979989
    8937           348.4             186      0.26236034
    8938           348.4           190.5      0.27516557
    8939           348.4             195      0.28811669
    8940           348.4           199.5      0.30110106
    8941           348.4             204      0.31399389
    8942           348.4           208.5      0.32666074
    8943           348.4             213      0.33896043
    8944           348.4           217.5       0.3507487
    8945           348.4             222      0.36188211
    8946           348.4           226.5      0.37222227
    8947           348.4             231      0.38164006
    8948           348.4           235.5      0.39001957
    8949           348.4             240       0.3972617
    8950           348.4           244.5      0.40328704
    8951           348.4             249      0.40803803
    8952           348.4           253.5      0.41148012
    8953           348.4             258       0.4136021
    8954           348.4           262.5      0.41441544
    8955           348.4             267      0.41395277
    8956           348.4           271.5       0.4122658
    8957           348.4             276      0.40942251
    8958           348.4           280.5      0.40550418
    8959           348.4             285      0.40060218
    8960           348.4           289.5      0.39481476
    8961           348.4             294      0.38824405
    8962           348.4           298.5      0.38099332
    8963           348.4             303      0.37316458
    8964           348.4           307.5      0.36485654
    8965           348.4             312      0.35616311
    8966           348.4           316.5      0.34717212
    8967           348.4             321      0.33796457
    8968           348.4           325.5      0.32861413
    8969           348.4             330      0.31918689
    8970           348.4           334.5      0.30974145
    8971           348.4             339       0.3003291
    8972           348.4           343.5      0.29099413
    8973           348.4             348      0.28177432
    8974           348.4           352.5      0.27270141
    8975           348.4             357      0.26380165
    8976           348.4           361.5      0.25509632
    8977           348.4             366      0.24660226
    8978           348.4           370.5      0.23833243
    8979           348.4             375      0.23029634
    8980           348.4           379.5      0.22250055
    8981           348.4             384      0.21494904
    8982           348.4           388.5      0.20764363
    8983           348.4             393      0.20058429
    8984           348.4           397.5      0.19376942
    8985           348.4             402      0.18719619
    8986           348.4           406.5      0.18086068
    8987           348.4             411      0.17475815
    8988           348.4           415.5      0.16888319
    8989           348.4             420      0.16322989
    8990           352.7             -30      0.04341649
    8991           352.7           -25.5     0.044368852
    8992           352.7             -21     0.045354396
    8993           352.7           -16.5     0.046375244
    8994           352.7             -12     0.047433729
    8995           352.7            -7.5     0.048532425
    8996           352.7              -3     0.049674164
    8997           352.7             1.5      0.05086207
    8998           352.7               6     0.052099585
    8999           352.7            10.5     0.053390501
    9000           352.7              15      0.05473899
    9001           352.7            19.5     0.056149643
    9002           352.7              24     0.057627506
    9003           352.7            28.5     0.059178111
    9004           352.7              33      0.06080752
    9005           352.7            37.5     0.062522363
    9006           352.7              42     0.064329874
    9007           352.7            46.5     0.066237932
    9008           352.7              51     0.068255096
    9009           352.7            55.5     0.070390645
    9010           352.7              60     0.072654609
    9011           352.7            64.5     0.075057805
    9012           352.7              69     0.077611868
    9013           352.7            73.5     0.080329275
    9014           352.7              78     0.083223377
    9015           352.7            82.5     0.086308412
    9016           352.7              87     0.089599524
    9017           352.7            91.5     0.093112773
    9018           352.7              96     0.096865122
    9019           352.7           100.5      0.10087443
    9020           352.7             105      0.10515939
    9021           352.7           109.5      0.10973946
    9022           352.7             114      0.11463475
    9023           352.7           118.5      0.11986583
    9024           352.7             123      0.12545346
    9025           352.7           127.5      0.13141825
    9026           352.7             132      0.13778018
    9027           352.7           136.5      0.14455802
    9028           352.7             141      0.15176857
    9029           352.7           145.5      0.15942582
    9030           352.7             150      0.16753989
    9031           352.7           154.5      0.17611593
    9032           352.7             159      0.18515285
    9033           352.7           163.5      0.19464209
    9034           352.7             168      0.20456635
    9035           352.7           172.5      0.21489838
    9036           352.7             177      0.22559999
    9037           352.7           181.5      0.23662127
    9038           352.7             186      0.24790015
    9039           352.7           190.5      0.25936233
    9040           352.7             195      0.27092174
    9041           352.7           199.5      0.28248142
    9042           352.7             204      0.29393505
    9043           352.7           208.5      0.30516888
    9044           352.7             213      0.31606426
    9045           352.7           217.5      0.32650044
    9046           352.7             222      0.33635777
    9047           352.7           226.5      0.34552103
    9048           352.7             231      0.35388269
    9049           352.7           235.5      0.36134607
    9050           352.7             240       0.3678281
    9051           352.7           244.5      0.37326167
    9052           352.7             249      0.37759725
    9053           352.7           253.5      0.38080397
    9054           352.7             258      0.38286985
    9055           352.7           262.5      0.38380142
    9056           352.7             267      0.38362264
    9057           352.7           271.5      0.38237331
    9058           352.7             276      0.38010698
    9059           352.7           280.5      0.37688867
    9060           352.7             285      0.37279238
    9061           352.7           289.5       0.3678985
    9062           352.7             294      0.36229151
    9063           352.7           298.5      0.35605761
    9064           352.7             303      0.34928282
    9065           352.7           307.5      0.34205121
    9066           352.7             312      0.33444357
    9067           352.7           316.5      0.32653622
    9068           352.7             321      0.31840034
    9069           352.7           325.5      0.31010133
    9070           352.7             330      0.30169862
    9071           352.7           334.5      0.29324548
    9072           352.7             339      0.28478918
    9073           352.7           343.5      0.27637112
    9074           352.7             348      0.26802715
    9075           352.7           352.5       0.2597879
    9076           352.7             357      0.25167923
    9077           352.7           361.5      0.24372258
    9078           352.7             366      0.23593543
    9079           352.7           370.5      0.22833172
    9080           352.7             375      0.22092223
    9081           352.7           379.5      0.21371498
    9082           352.7             384      0.20671556
    9083           352.7           388.5       0.1999275
    9084           352.7             393      0.19335249
    9085           352.7           397.5      0.18699073
    9086           352.7             402      0.18084113
    9087           352.7           406.5      0.17490149
    9088           352.7             411      0.16916876
    9089           352.7           415.5      0.16363915
    9090           352.7             420      0.15830829
    9091             357             -30     0.042963139
    9092             357           -25.5     0.043900763
    9093             357             -21     0.044870986
    9094             357           -16.5     0.045875867
    9095             357             -12     0.046917669
    9096             357            -7.5     0.047998874
    9097             357              -3     0.049122213
    9098             357             1.5     0.050290683
    9099             357               6     0.051507578
    9100             357            10.5     0.052776514
    9101             357              15      0.05410146
    9102             357            19.5     0.055486765
    9103             357              24     0.056937192
    9104             357            28.5     0.058457949
    9105             357              33     0.060054725
    9106             357            37.5     0.061733715
    9107             357              42     0.063501661
    9108             357            46.5     0.065365881
    9109             357              51       0.0673343
    9110             357            55.5     0.069415479
    9111             357              60     0.071618646
    9112             357            64.5     0.073953715
    9113             357              69     0.076431318
    9114             357            73.5     0.079062814
    9115             357              78     0.081860308
    9116             357            82.5     0.084836659
    9117             357              87     0.088005477
    9118             357            91.5     0.091381114
    9119             357              96      0.09497864
    9120             357           100.5     0.098813801
    9121             357             105      0.10290294
    9122             357           109.5      0.10726292
    9123             357             114      0.11191094
    9124             357           118.5      0.11686436
    9125             357             123      0.12214043
    9126             357           127.5      0.12775595
    9127             357             132      0.13372681
    9128             357           136.5      0.14006747
    9129             357             141      0.14679031
    9130             357           145.5      0.15390486
    9131             357             150      0.16141699
    9132             357           154.5      0.16932795
    9133             357             159       0.1776334
    9134             357           163.5      0.18632243
    9135             357             168      0.19537654
    9136             357           172.5      0.20476882
    9137             357             177      0.21446319
    9138             357           181.5      0.22441386
    9139             357             186      0.23456512
    9140             357           190.5      0.24485137
    9141             357             195      0.25519759
    9142             357           199.5      0.26552019
    9143             357             204      0.27572824
    9144             357           208.5      0.28572518
    9145             357             213      0.29541079
    9146             357           217.5      0.30468354
    9147             357             222      0.31344311
    9148             357           226.5        0.321593
    9149             357             231       0.3290432
    9150             357           235.5      0.33571259
    9151             357             240      0.34153119
    9152             357           244.5      0.34644199
    9153             357             249      0.35040228
    9154             357           253.5       0.3533845
    9155             357             258      0.35537653
    9156             357           262.5      0.35638143
    9157             357             267      0.35641665
    9158             357           271.5      0.35551286
    9159             357             276      0.35371239
    9160             357           280.5       0.3510674
    9161             357             285        0.347638
    9162             357           289.5       0.3434902
    9163             357             294      0.33869399
    9164             357           298.5      0.33332151
    9165             357             303      0.32744538
    9166             357           307.5      0.32113726
    9167             357             312       0.3144666
    9168             357           316.5      0.30749972
    9169             357             321      0.30029901
    9170             357           325.5      0.29292243
    9171             357             330      0.28542317
    9172             357           334.5      0.27784946
    9173             357             339      0.27024458
    9174             357           343.5       0.2626469
    9175             357             348      0.25509012
    9176             357           352.5      0.24760346
    9177             357             357      0.24021196
    9178             357           361.5      0.23293681
    9179             357             366      0.22579566
    9180             357           370.5      0.21880298
    9181             357             375      0.21197036
    9182             357           379.5      0.20530684
    9183             357             384       0.1988192
    9184             357           388.5      0.19251224
    9185             357             393      0.18638905
    9186             357           397.5      0.18045124
    9187             357             402      0.17469913
    9188             357           406.5      0.16913197
    9189             357             411       0.1637481
    9190             357           415.5       0.1585451
    9191             357             420      0.15351994
    9192           361.3             -30     0.042513759
    9193           361.3           -25.5      0.04343674
    9194           361.3             -21     0.044391715
    9195           361.3           -16.5     0.045380681
    9196           361.3             -12     0.046405822
    9197           361.3            -7.5     0.047469534
    9198           361.3              -3     0.048574438
    9199           361.3             1.5     0.049723407
    9200           361.3               6     0.050919587
    9201           361.3            10.5     0.052166421
    9202           361.3              15     0.053467675
    9203           361.3            19.5     0.054827464
    9204           361.3              24     0.056250278
    9205           361.3            28.5     0.057741012
    9206           361.3              33     0.059304992
    9207           361.3            37.5     0.060948003
    9208           361.3              42     0.062676317
    9209           361.3            46.5     0.064496719
    9210           361.3              51     0.066416533
    9211           361.3            55.5     0.068443645
    9212           361.3              60     0.070586523
    9213           361.3            64.5     0.072854237
    9214           361.3              69     0.075256471
    9215           361.3            73.5     0.077803536
    9216           361.3              78     0.080506372
    9217           361.3            82.5     0.083376542
    9218           361.3              87     0.086426226
    9219           361.3            91.5      0.08966819
    9220           361.3              96     0.093115748
    9221           361.3           100.5     0.096782702
    9222           361.3             105      0.10068326
    9223           361.3           109.5      0.10483191
    9224           361.3             114      0.10924327
    9225           361.3           118.5      0.11393188
    9226           361.3             123      0.11891194
    9227           361.3           127.5      0.12419698
    9228           361.3             132      0.12979946
    9229           361.3           136.5      0.13573029
    9230           361.3             141      0.14199826
    9231           361.3           145.5      0.14860943
    9232           361.3             150      0.15556637
    9233           361.3           154.5      0.16286749
    9234           361.3             159      0.17050619
    9235           361.3           163.5      0.17847008
    9236           361.3             168       0.1867403
    9237           361.3           172.5       0.1952908
    9238           361.3             177      0.20408785
    9239           361.3           181.5      0.21308971
    9240           361.3             186      0.22224648
    9241           361.3           190.5      0.23150024
    9242           361.3             195      0.24078556
    9243           361.3           199.5      0.25003016
    9244           361.3             204      0.25915608
    9245           361.3           208.5        0.268081
    9246           361.3             213      0.27671995
    9247           361.3           217.5      0.28498712
    9248           361.3             222      0.29279799
    9249           361.3           226.5      0.30007134
    9250           361.3             231      0.30673139
    9251           361.3           235.5      0.31270975
    9252           361.3             240      0.31794717
    9253           361.3           244.5        0.322395
    9254           361.3             249       0.3260163
    9255           361.3           253.5      0.32878651
    9256           361.3             258      0.33069374
    9257           361.3           262.5      0.33173864
    9258           361.3             267      0.33193378
    9259           361.3           271.5       0.3313028
    9260           361.3             276      0.32987922
    9261           361.3           280.5      0.32770506
    9262           361.3             285      0.32482927
    9263           361.3           289.5      0.32130621
    9264           361.3             294      0.31719402
    9265           361.3           298.5      0.31255317
    9266           361.3             303      0.30744508
    9267           361.3           307.5      0.30193085
    9268           361.3             312      0.29607025
    9269           361.3           316.5      0.28992085
    9270           361.3             321       0.2835373
    9271           361.3           325.5      0.27697084
    9272           361.3             330      0.27026896
    9273           361.3           334.5      0.26347513
    9274           361.3             339      0.25662881
    9275           361.3           343.5      0.24976534
    9276           361.3             348      0.24291615
    9277           361.3           352.5      0.23610881
    9278           361.3             357      0.22936731
    9279           361.3           361.5      0.22271227
    9280           361.3             366      0.21616118
    9281           361.3           370.5      0.20972866
    9282           361.3             375      0.20342676
    9283           361.3           379.5      0.19726517
    9284           361.3             384      0.19125151
    9285           361.3           388.5      0.18539154
    9286           361.3             393      0.17968941
    9287           361.3           397.5      0.17414783
    9288           361.3             402      0.16876828
    9289           361.3           406.5      0.16355117
    9290           361.3             411      0.15849601
    9291           361.3           415.5      0.15360154
    9292           361.3             420      0.14886584
    9293           365.6             -30     0.042067814
    9294           365.6           -25.5     0.042976208
    9295           365.6             -21     0.043915969
    9296           365.6           -16.5     0.044889027
    9297           365.6             -12     0.045897491
    9298           365.6            -7.5     0.046943662
    9299           365.6              -3     0.048030056
    9300           365.6             1.5     0.049159419
    9301           365.6               6     0.050334751
    9302           365.6            10.5     0.051559322
    9303           365.6              15     0.052836701
    9304           365.6            19.5     0.054170772
    9305           365.6              24     0.055565762
    9306           365.6            28.5     0.057026262
    9307           365.6              33     0.058557251
    9308           365.6            37.5      0.06016412
    9309           365.6              42     0.061852694
    9310           365.6            46.5     0.063629253
    9311           365.6              51     0.065500551
    9312           365.6            55.5     0.067473835
    9313           365.6              60      0.06955686
    9314           365.6            64.5     0.071757899
    9315           365.6              69     0.074085751
    9316           365.6            73.5     0.076549744
    9317           365.6              78     0.079159728
    9318           365.6            82.5     0.081926065
    9319           365.6              87     0.084859604
    9320           365.6            91.5     0.087971646
    9321           365.6              96     0.091273894
    9322           365.6           100.5     0.094778381
    9323           365.6             105     0.098497373
    9324           365.6           109.5      0.10244325
    9325           365.6             114      0.10662833
    9326           365.6           118.5       0.1110647
    9327           365.6             123      0.11576393
    9328           365.6           127.5      0.12073676
    9329           365.6             132      0.12599281
    9330           365.6           136.5      0.13154006
    9331           365.6             141      0.13738445
    9332           365.6           145.5      0.14352928
    9333           365.6             150      0.14997469
    9334           365.6           154.5      0.15671699
    9335           365.6             159      0.16374806
    9336           365.6           163.5      0.17105477
    9337           365.6             168      0.17861837
    9338           365.6           172.5      0.18641405
    9339           365.6             177      0.19441053
    9340           365.6           181.5      0.20256988
    9341           365.6             186      0.21084751
    9342           365.6           190.5      0.21919227
    9343           365.6             195      0.22754699
    9344           365.6           199.5      0.23584907
    9345           365.6             204      0.24403141
    9346           365.6           208.5       0.2520236
    9347           365.6             213      0.25975328
    9348           365.6           217.5      0.26714765
    9349           365.6             222      0.27413513
    9350           365.6           226.5      0.28064702
    9351           365.6             231      0.28661924
    9352           365.6           235.5      0.29199382
    9353           365.6             240      0.29672035
    9354           365.6           244.5      0.30075717
    9355           365.6             249       0.3040722
    9356           365.6           253.5       0.3066436
    9357           365.6             258      0.30845997
    9358           365.6           262.5      0.30952026
    9359           365.6             267      0.30983339
    9360           365.6           271.5      0.30941759
    9361           365.6             276      0.30829947
    9362           365.6           280.5      0.30651292
    9363           365.6             285      0.30409798
    9364           365.6           289.5       0.3010995
    9365           365.6             294      0.29756592
    9366           365.6           298.5      0.29354803
    9367           365.6             303      0.28909784
    9368           365.6           307.5      0.28426753
    9369           365.6             312      0.27910857
    9370           365.6           316.5      0.27367089
    9371           365.6             321      0.26800236
    9372           365.6           325.5      0.26214822
    9373           365.6             330      0.25615075
    9374           365.6           334.5      0.25004906
    9375           365.6             339      0.24387893
    9376           365.6           343.5      0.23767279
    9377           365.6             348      0.23145974
    9378           365.6           352.5      0.22526562
    9379           365.6             357       0.2191132
    9380           365.6           361.5      0.21302229
    9381           365.6             366      0.20700995
    9382           365.6           370.5      0.20109072
    9383           365.6             375      0.19527679
    9384           365.6           379.5      0.18957824
    9385           365.6             384      0.18400324
    9386           365.6           388.5      0.17855824
    9387           365.6             393      0.17324815
    9388           365.6           397.5      0.16807656
    9389           365.6             402      0.16304585
    9390           365.6           406.5      0.15815738
    9391           365.6             411      0.15341162
    9392           365.6           415.5      0.14880825
    9393           365.6             420      0.14434632
    9394           369.9             -30     0.041624841
    9395           369.9           -25.5     0.042518671
    9396           369.9             -21     0.043443219
    9397           369.9           -16.5     0.044400348
    9398           369.9             -12     0.045392085
    9399           369.9            -7.5     0.046420641
    9400           369.9              -3     0.047488422
    9401           369.9             1.5      0.04859805
    9402           369.9               6     0.049752375
    9403           369.9            10.5     0.050954502
    9404           369.9              15     0.052207803
    9405           369.9            19.5     0.053515939
    9406           369.9              24      0.05488288
    9407           369.9            28.5     0.056312924
    9408           369.9              33      0.05781072
    9409           369.9            37.5     0.059381278
    9410           369.9              42     0.061029999
    9411           369.9            46.5     0.062762682
    9412           369.9              51     0.064585543
    9413           369.9            55.5     0.066505227
    9414           369.9              60     0.068528816
    9415           369.9            64.5     0.070663837
    9416           369.9              69     0.072918261
    9417           369.9            73.5     0.075300498
    9418           369.9              78     0.077819387
    9419           369.9            82.5     0.080484175
    9420           369.9              87     0.083304486
    9421           369.9            91.5     0.086290278
    9422           369.9              96     0.089451785
    9423           369.9           100.5     0.092799438
    9424           369.9             105     0.096343767
    9425           369.9           109.5      0.10009527
    9426           369.9             114      0.10406427
    9427           369.9           118.5      0.10826069
    9428           369.9             123      0.11269385
    9429           369.9           127.5      0.11737218
    9430           369.9             132       0.1223029
    9431           369.9           136.5      0.12749164
    9432           369.9             141      0.13294204
    9433           369.9           145.5      0.13865531
    9434           369.9             150      0.14462972
    9435           369.9           154.5      0.15086013
    9436           369.9             159      0.15733749
    9437           369.9           163.5      0.16404837
    9438           369.9             168      0.17097453
    9439           369.9           172.5      0.17809256
    9440           369.9             177      0.18537366
    9441           369.9           181.5      0.19278346
    9442           369.9             186      0.20028212
    9443           369.9           190.5      0.20782449
    9444           369.9             195      0.21536051
    9445           369.9           199.5      0.22283581
    9446           369.9             204      0.23019252
    9447           369.9           208.5      0.23737018
    9448           369.9             213      0.24430693
    9449           369.9           217.5      0.25094072
    9450           369.9             222      0.25721067
    9451           369.9           226.5      0.26305842
    9452           369.9             231      0.26842951
    9453           369.9           235.5      0.27327458
    9454           369.9             240      0.27755056
    9455           369.9           244.5      0.28122161
    9456           369.9             249      0.28425984
    9457           369.9           253.5      0.28664579
    9458           369.9             258      0.28836868
    9459           369.9           262.5      0.28942634
    9460           369.9             267      0.28982497
    9461           369.9           271.5      0.28957857
    9462           369.9             276       0.2887083
    9463           369.9           280.5       0.2872416
    9464           369.9             285      0.28521128
    9465           369.9           289.5      0.28265447
    9466           369.9             294       0.2796116
    9467           369.9           298.5      0.27612543
    9468           369.9             303      0.27224009
    9469           369.9           307.5      0.26800019
    9470           369.9             312      0.26345006
    9471           369.9           316.5      0.25863307
    9472           369.9             321      0.25359108
    9473           369.9           325.5      0.24836402
    9474           369.9             330      0.24298949
    9475           369.9           334.5      0.23750255
    9476           369.9             339       0.2319356
    9477           369.9           343.5      0.22631824
    9478           369.9             348      0.22067728
    9479           369.9           352.5      0.21503681
    9480           369.9             357      0.20941825
    9481           369.9           361.5      0.20384046
    9482           369.9             366      0.19831993
    9483           369.9           370.5      0.19287087
    9484           369.9             375      0.18750543
    9485           369.9           379.5      0.18223382
    9486           369.9             384      0.17706454
    9487           369.9           388.5      0.17200449
    9488           369.9             393      0.16705916
    9489           369.9           397.5      0.16223277
    9490           369.9             402      0.15752841
    9491           369.9           406.5      0.15294819
    9492           369.9             411      0.14849336
    9493           369.9           415.5      0.14416439
    9494           369.9             420      0.13996111
    9495           374.2             -30     0.041184446
    9496           374.2           -25.5      0.04206371
    9497           374.2             -21     0.042973023
    9498           374.2           -16.5     0.043914177
    9499           374.2             -12      0.04488912
    9500           374.2            -7.5     0.045899966
    9501           374.2              -3     0.046949015
    9502           374.2             1.5     0.048038762
    9503           374.2               6     0.049171913
    9504           374.2            10.5     0.050351407
    9505           374.2              15     0.051580424
    9506           374.2            19.5     0.052862408
    9507           374.2              24     0.054201081
    9508           374.2            28.5      0.05560046
    9509           374.2              33      0.05706487
    9510           374.2            37.5     0.058598967
    9511           374.2              42     0.060207741
    9512           374.2            46.5     0.061896538
    9513           374.2              51     0.063671065
    9514           374.2            55.5       0.0655374
    9515           374.2              60     0.067501994
    9516           374.2            64.5     0.069571676
    9517           374.2              69     0.071753644
    9518           374.2            73.5     0.074055456
    9519           374.2              78     0.076485015
    9520           374.2            82.5     0.079050542
    9521           374.2              87     0.081760537
    9522           374.2            91.5     0.084623735
    9523           374.2              96     0.087649039
    9524           374.2           100.5     0.090845443
    9525           374.2             105     0.094221929
    9526           374.2           109.5      0.09778734
    9527           374.2             114      0.10155023
    9528           374.2           118.5       0.1055187
    9529           374.2             123      0.10970014
    9530           374.2           127.5      0.11410104
    9531           374.2             132      0.11872664
    9532           374.2           136.5      0.12358068
    9533           374.2             141      0.12866498
    9534           374.2           145.5      0.13397914
    9535           374.2             150      0.13952008
    9536           374.2           154.5      0.14528167
    9537           374.2             159      0.15125435
    9538           374.2           163.5      0.15742474
    9539           374.2             168      0.16377534
    9540           374.2           172.5      0.17028426
    9541           374.2             177      0.17692506
    9542           374.2           181.5       0.1836667
    9543           374.2             186      0.19047359
    9544           374.2           190.5      0.19730583
    9545           374.2             195      0.20411953
    9546           374.2           199.5      0.21086737
    9547           374.2             204      0.21749925
    9548           374.2           208.5      0.22396309
    9549           374.2             213      0.23020582
    9550           374.2           217.5      0.23617434
    9551           374.2             222      0.24181664
    9552           374.2           226.5      0.24708294
    9553           374.2             231      0.25192673
    9554           374.2           235.5      0.25630581
    9555           374.2             240      0.26018324
    9556           374.2           244.5      0.26352805
    9557           374.2             249      0.26631593
    9558           374.2           253.5      0.26852954
    9559           374.2             258       0.2701588
    9560           374.2           262.5      0.27120081
    9561           374.2             267      0.27165971
    9562           374.2           271.5      0.27154625
    9563           374.2             276      0.27087728
    9564           374.2           280.5      0.26967505
    9565           374.2             285      0.26796652
    9566           374.2           289.5      0.26578251
    9567           374.2             294      0.26315685
    9568           374.2           298.5      0.26012562
    9569           374.2             303      0.25672633
    9570           374.2           307.5      0.25299715
    9571           374.2             312      0.24897632
    9572           374.2           316.5      0.24470152
    9573           374.2             321      0.24020937
    9574           374.2           325.5      0.23553506
    9575           374.2             330      0.23071201
    9576           374.2           334.5      0.22577161
    9577           374.2             339      0.22074309
    9578           374.2           343.5      0.21565339
    9579           374.2             348      0.21052714
    9580           374.2           352.5      0.20538666
    9581           374.2             357      0.20025198
    9582           374.2           361.5      0.19514094
    9583           374.2             366       0.1900693
    9584           374.2           370.5      0.18505082
    9585           374.2             375      0.18009743
    9586           374.2           379.5      0.17521931
    9587           374.2             384       0.1704251
    9588           374.2           388.5      0.16572196
    9589           374.2             393      0.16111577
    9590           374.2           397.5      0.15661122
    9591           374.2             402      0.15221193
    9592           374.2           406.5      0.14792061
    9593           374.2             411      0.14373911
    9594           374.2           415.5      0.13966855
    9595           374.2             420      0.13570943
    9596           378.5             -30     0.040746293
    9597           378.5           -25.5     0.041610974
    9598           378.5             -21     0.042505014
    9599           378.5           -16.5     0.043430135
    9600           378.5             -12     0.044388201
    9601           378.5            -7.5     0.045381235
    9602           378.5              -3     0.046411425
    9603           378.5             1.5     0.047481143
    9604           378.5               6     0.048592953
    9605           378.5            10.5     0.049749629
    9606           378.5              15     0.050954166
    9607           378.5            19.5     0.052209796
    9608           378.5              24     0.053520002
    9609           378.5            28.5     0.054888527
    9610           378.5              33     0.056319394
    9611           378.5            37.5      0.05781691
    9612           378.5              42     0.059385684
    9613           378.5            46.5      0.06103063
    9614           378.5              51     0.062756974
    9615           378.5            55.5     0.064570262
    9616           378.5              60     0.066476355
    9617           378.5            64.5      0.06848143
    9618           378.5              69     0.070591967
    9619           378.5            73.5     0.072814737
    9620           378.5              78      0.07515678
    9621           378.5            82.5     0.077625375
    9622           378.5              87     0.080227999
    9623           378.5            91.5     0.082972279
    9624           378.5              96      0.08586592
    9625           378.5           100.5     0.088916631
    9626           378.5             105     0.092132025
    9627           378.5           109.5     0.095519493
    9628           378.5             114     0.099086071
    9629           378.5           118.5      0.10283827
    9630           378.5             123      0.10678186
    9631           378.5           127.5      0.11092171
    9632           378.5             132      0.11526146
    9633           378.5           136.5       0.1198033
    9634           378.5             141      0.12454766
    9635           378.5           145.5      0.12949291
    9636           378.5             150      0.13463501
    9637           378.5           154.5      0.13996721
    9638           378.5             159      0.14547973
    9639           378.5           163.5       0.1511595
    9640           378.5             168       0.1569899
    9641           378.5           172.5      0.16295058
    9642           378.5             177      0.16901737
    9643           378.5           181.5      0.17516225
    9644           378.5             186      0.18135344
    9645           378.5           190.5      0.18755564
    9646           378.5             195      0.19373031
    9647           378.5           199.5      0.19983614
    9648           378.5             204      0.20582967
    9649           378.5           208.5      0.21166588
    9650           378.5             213      0.21729907
    9651           378.5           217.5      0.22268361
    9652           378.5             222      0.22777493
    9653           378.5           226.5      0.23253034
    9654           378.5             231      0.23690999
    9655           378.5           235.5      0.24087764
    9656           378.5             240      0.24440146
    9657           378.5           244.5      0.24745465
    9658           378.5             249      0.25001591
    9659           378.5           253.5      0.25206981
    9660           378.5             258      0.25360699
    9661           378.5           262.5       0.2546241
    9662           378.5             267      0.25512375
    9663           378.5           271.5      0.25511415
    9664           378.5             276      0.25460872
    9665           378.5           280.5      0.25362556
    9666           378.5             285      0.25218688
    9667           378.5           289.5       0.2503183
    9668           378.5             294      0.24804823
    9669           378.5           298.5      0.24540716
    9670           378.5             303      0.24242702
    9671           378.5           307.5      0.23914055
    9672           378.5             312      0.23558074
    9673           378.5           316.5      0.23178035
    9674           378.5             321      0.22777144
    9675           378.5           325.5      0.22358502
    9676           378.5             330      0.21925075
    9677           378.5           334.5      0.21479669
    9678           378.5             339      0.21024919
    9679           378.5           343.5       0.2056327
    9680           378.5             348      0.20096976
    9681           378.5           352.5      0.19628096
    9682           378.5             357      0.19158496
    9683           378.5           361.5      0.18689853
    9684           378.5             366       0.1822366
    9685           378.5           370.5       0.1776124
    9686           378.5             375       0.1730375
    9687           378.5           379.5      0.16852193
    9688           378.5             384       0.1640743
    9689           378.5           388.5      0.15970192
    9690           378.5             393      0.15541089
    9691           378.5           397.5      0.15120622
    9692           378.5             402      0.14709193
    9693           378.5           406.5      0.14307116
    9694           378.5             411      0.13914626
    9695           378.5           415.5      0.13531888
    9696           378.5             420      0.13159002
    9697           382.8             -30      0.04031011
    9698           382.8           -25.5     0.041160178
    9699           382.8             -21     0.042038898
    9700           382.8           -16.5     0.042947918
    9701           382.8             -12     0.043889022
    9702           382.8            -7.5     0.044864137
    9703           382.8              -3     0.045875344
    9704           382.8             1.5     0.046924891
    9705           382.8               6     0.048015201
    9706           382.8            10.5      0.04914889
    9707           382.8              15      0.05032877
    9708           382.8            19.5     0.051557869
    9709           382.8              24     0.052839438
    9710           382.8            28.5      0.05417696
    9711           382.8              33     0.055574165
    9712           382.8            37.5     0.057035034
    9713           382.8              42     0.058563808
    9714           382.8            46.5     0.060164996
    9715           382.8              51     0.061843373
    9716           382.8            55.5     0.063603985
    9717           382.8              60     0.065452143
    9718           382.8            64.5     0.067393417
    9719           382.8              69     0.069433623
    9720           382.8            73.5     0.071578806
    9721           382.8              78     0.073835216
    9722           382.8            82.5     0.076209272
    9723           382.8              87     0.078707523
    9724           382.8            91.5     0.081336594
    9725           382.8              96     0.084103122
    9726           382.8           100.5     0.087013675
    9727           382.8             105     0.090074657
    9728           382.8           109.5     0.093292196
    9729           382.8             114     0.096672012
    9730           382.8           118.5      0.10021927
    9731           382.8             123      0.10393838
    9732           382.8           127.5      0.10783285
    9733           382.8             132      0.11190504
    9734           382.8           136.5      0.11615589
    9735           382.8             141      0.12058478
    9736           382.8           145.5      0.12518914
    9737           382.8             150      0.12996428
    9738           382.8           154.5      0.13490311
    9739           382.8             159      0.13999587
    9740           382.8           163.5      0.14522995
    9741           382.8             168      0.15058968
    9742           382.8           172.5      0.15605624
    9743           382.8             177      0.16160759
    9744           382.8           181.5      0.16721845
    9745           382.8             186      0.17286045
    9746           382.8           190.5       0.1785023
    9747           382.8             195      0.18411012
    9748           382.8           199.5      0.18964777
    9749           382.8             204       0.1950774
    9750           382.8           208.5      0.20036001
    9751           382.8             213      0.20545609
    9752           382.8           217.5       0.2103263
    9753           382.8             222      0.21493228
    9754           382.8           226.5      0.21923729
    9755           382.8             231      0.22320705
    9756           382.8           235.5      0.22681031
    9757           382.8             240      0.23001957
    9758           382.8           244.5       0.2328115
    9759           382.8             249      0.23516744
    9760           382.8           253.5      0.23707364
    9761           382.8             258      0.23852143
    9762           382.8           262.5      0.23950725
    9763           382.8             267      0.24003256
    9764           382.8           271.5      0.24010357
    9765           382.8             276        0.239731
    9766           382.8           280.5      0.23892959
    9767           382.8             285      0.23771768
    9768           382.8           289.5      0.23611663
    9769           382.8             294      0.23415034
    9770           382.8           298.5      0.23184463
    9771           382.8             303      0.22922674
    9772           382.8           307.5      0.22632478
    9773           382.8             312      0.22316727
    9774           382.8           316.5      0.21978271
    9775           382.8             321      0.21619915
    9776           382.8           325.5      0.21244394
    9777           382.8             330      0.20854338
    9778           382.8           334.5      0.20452256
    9779           382.8             339      0.20040516
    9780           382.8           343.5      0.19621335
    9781           382.8             348      0.19196769
    9782           382.8           352.5      0.18768712
    9783           382.8             357      0.18338894
    9784           382.8           361.5      0.17908883
    9785           382.8             366       0.1748009
    9786           382.8           370.5      0.17053772
    9787           382.8             375      0.16631044
    9788           382.8           379.5      0.16212882
    9789           382.8             384      0.15800137
    9790           382.8           388.5      0.15393539
    9791           382.8             393       0.1499371
    9792           382.8           397.5      0.14601171
    9793           382.8             402      0.14216351
    9794           382.8           406.5      0.13839596
    9795           382.8             411       0.1347118
    9796           382.8           415.5      0.13111307
    9797           382.8             420      0.12760122
    9798           387.1             -30     0.039875675
    9799           387.1           -25.5     0.040711096
    9800           387.1             -21     0.041574443
    9801           387.1           -16.5     0.042467295
    9802           387.1             -12     0.043391352
    9803           387.1            -7.5     0.044348447
    9804           387.1              -3     0.045340554
    9805           387.1             1.5     0.046369799
    9806           387.1               6      0.04743847
    9807           387.1            10.5     0.048549022
    9808           387.1              15     0.049704097
    9809           387.1            19.5     0.050906521
    9810           387.1              24     0.052159323
    9811           387.1            28.5     0.053465737
    9812           387.1              33     0.054829214
    9813           387.1            37.5     0.056253425
    9814           387.1              42     0.057742265
    9815           387.1            46.5     0.059299859
    9816           387.1              51      0.06093056
    9817           387.1            55.5     0.062638947
    9818           387.1              60     0.064429819
    9819           387.1            64.5     0.066308184
    9820           387.1              69     0.068279245
    9821           387.1            73.5     0.070348382
    9822           387.1              78     0.072521121
    9823           387.1            82.5     0.074803101
    9824           387.1              87     0.077200032
    9825           387.1            91.5     0.079717644
    9826           387.1              96     0.082361618
    9827           387.1           100.5     0.085137513
    9828           387.1             105     0.088050679
    9829           387.1           109.5     0.091106144
    9830           387.1             114       0.0943085
    9831           387.1           118.5     0.097661765
    9832           387.1             123      0.10116923
    9833           387.1           127.5      0.10483326
    9834           387.1             132      0.10865518
    9835           387.1           136.5      0.11263498
    9836           387.1             141      0.11677119
    9837           387.1           145.5       0.1210606
    9838           387.1             150       0.1254981
    9839           387.1           154.5      0.13007644
    9840           387.1             159      0.13478606
    9841           387.1           163.5       0.1396149
    9842           387.1             168      0.14454831
    9843           387.1           172.5      0.14956891
    9844           387.1             177      0.15465664
    9845           387.1           181.5      0.15978872
    9846           387.1             186       0.1649398
    9847           387.1           190.5      0.17008213
    9848           387.1             195      0.17518584
    9849           387.1           199.5      0.18021925
    9850           387.1             204      0.18514933
    9851           387.1           208.5      0.18994216
    9852           387.1             213      0.19456347
    9853           387.1           217.5      0.19897926
    9854           387.1             222      0.20315634
    9855           387.1           226.5      0.20706303
    9856           387.1             231      0.21066968
    9857           387.1           235.5      0.21394927
    9858           387.1             240      0.21687794
    9859           387.1           244.5      0.21943534
    9860           387.1             249      0.22160507
    9861           387.1           253.5      0.22337485
    9862           387.1             258      0.22473672
    9863           387.1           262.5      0.22568701
    9864           387.1             267      0.22622634
    9865           387.1           271.5      0.22635939
    9866           387.1             276      0.22609468
    9867           387.1           280.5      0.22544426
    9868           387.1             285       0.2244233
    9869           387.1           289.5      0.22304965
    9870           387.1             294      0.22134347
    9871           387.1           298.5      0.21932666
    9872           387.1             303       0.2170225
    9873           387.1           307.5      0.21445518
    9874           387.1             312      0.21164938
    9875           387.1           316.5      0.20862989
    9876           387.1             321      0.20542132
    9877           387.1           325.5      0.20204775
    9878           387.1             330      0.19853253
    9879           387.1           334.5      0.19489804
    9880           387.1             339      0.19116557
    9881           387.1           343.5      0.18735517
    9882           387.1             348      0.18348557
    9883           387.1           352.5      0.17957414
    9884           387.1             357      0.17563687
    9885           387.1           361.5      0.17168836
    9886           387.1             366      0.16774186
    9887           387.1           370.5      0.16380927
    9888           387.1             375      0.15990124
    9889           387.1           379.5      0.15602721
    9890           387.1             384      0.15219547
    9891           387.1           388.5      0.14841326
    9892           387.1             393      0.14468678
    9893           387.1           397.5      0.14102137
    9894           387.1             402      0.13742148
    9895           387.1           406.5      0.13389081
    9896           387.1             411      0.13043237
    9897           387.1           415.5      0.12704851
    9898           387.1             420      0.12374103
    9899           391.4             -30     0.039442819
    9900           391.4           -25.5     0.040263554
    9901           391.4             -21      0.04111148
    9902           391.4           -16.5     0.041988099
    9903           391.4             -12      0.04289503
    9904           391.4            -7.5     0.043834013
    9905           391.4              -3     0.044806918
    9906           391.4             1.5     0.045815749
    9907           391.4               6      0.04686266
    9908           391.4            10.5     0.047949958
    9909           391.4              15      0.04908011
    9910           391.4            19.5     0.050255754
    9911           391.4              24     0.051479705
    9912           391.4            28.5     0.052754959
    9913           391.4              33       0.0540847
    9914           391.4            37.5     0.055472307
    9915           391.4              42     0.056921348
    9916           391.4            46.5     0.058435589
    9917           391.4              51     0.060018986
    9918           391.4            55.5     0.061675685
    9919           391.4              60     0.063410008
    9920           391.4            64.5     0.065226445
    9921           391.4              69     0.067129638
    9922           391.4            73.5     0.069124355
    9923           391.4              78     0.071215465
    9924           391.4            82.5     0.073407901
    9925           391.4              87     0.075706621
    9926           391.4            91.5     0.078116551
    9927           391.4              96     0.080642527
    9928           391.4           100.5     0.083289221
    9929           391.4             105     0.086061061
    9930           391.4           109.5     0.088962126
    9931           391.4             114     0.091996047
    9932           391.4           118.5     0.095165877
    9933           391.4             123      0.09847395
    9934           391.4           127.5      0.10192174
    9935           391.4             132      0.10550971
    9936           391.4           136.5      0.10923712
    9937           391.4             141      0.11310187
    9938           391.4           145.5       0.1171003
    9939           391.4             150      0.12122706
    9940           391.4           154.5      0.12547491
    9941           391.4             159      0.12983457
    9942           391.4           163.5      0.13429462
    9943           391.4             168       0.1388414
    9944           391.4           172.5      0.14345895
    9945           391.4             177      0.14812899
    9946           391.4           181.5      0.15283101
    9947           391.4             186      0.15754235
    9948           391.4           190.5      0.16223836
    9949           391.4             195      0.16689265
    9950           391.4           199.5       0.1714774
    9951           391.4             204       0.1759637
    9952           391.4           208.5      0.18032197
    9953           391.4             213      0.18452239
    9954           391.4           217.5      0.18853545
    9955           391.4             222      0.19233238
    9956           391.4           226.5      0.19588571
    9957           391.4             231      0.19916976
    9958           391.4           235.5      0.20216105
    9959           391.4             240      0.20483881
    9960           391.4           244.5      0.20718526
    9961           391.4             249      0.20918592
    9962           391.4           253.5      0.21082984
    9963           391.4             258       0.2121097
    9964           391.4           262.5      0.21302185
    9965           391.4             267      0.21356629
    9966           391.4           271.5      0.21374649
    9967           391.4             276      0.21356924
    9968           391.4           280.5      0.21304439
    9969           391.4             285      0.21218451
    9970           391.4           289.5      0.21100458
    9971           391.4             294      0.20952159
    9972           391.4           298.5      0.20775419
    9973           391.4             303      0.20572233
    9974           391.4           307.5      0.20344681
    9975           391.4             312      0.20094904
    9976           391.4           316.5      0.19825063
    9977           391.4             321      0.19537314
    9978           391.4           325.5      0.19233782
    9979           391.4             330      0.18916536
    9980           391.4           334.5      0.18587577
    9981           391.4             339      0.18248813
    9982           391.4           343.5      0.17902057
    9983           391.4             348      0.17549012
    9984           391.4           352.5      0.17191268
    9985           391.4             357      0.16830298
    9986           391.4           361.5      0.16467457
    9987           391.4             366      0.16103984
    9988           391.4           370.5      0.15741001
    9989           391.4             375       0.1537952
    9990           391.4           379.5      0.15020445
    9991           391.4             384       0.1466458
    9992           391.4           388.5      0.14312632
    9993           391.4             393      0.13965217
    9994           391.4           397.5      0.13622869
    9995           391.4             402      0.13286043
    9996           391.4           406.5      0.12955125
    9997           391.4             411      0.12630433
    9998           391.4           415.5      0.12312228
    9999           391.4             420      0.12000716
   10000           395.7             -30     0.039011413
   10001           395.7           -25.5      0.03981743
   10002           395.7             -21     0.040649887
   10003           395.7           -16.5     0.041510216
   10004           395.7             -12     0.042399955
   10005           395.7            -7.5     0.043320749
   10006           395.7              -3     0.044274366
   10007           395.7             1.5     0.045262694
   10008           395.7               6     0.046287756
   10009           395.7            10.5      0.04735171
   10010           395.7              15     0.048456862
   10011           395.7            19.5     0.049605664
   10012           395.7              24     0.050800729
   10013           395.7            28.5     0.052044824
   10014           395.7              33     0.053340885
   10015           395.7            37.5     0.054692009
   10016           395.7              42      0.05610146
   10017           395.7            46.5     0.057572666
   10018           395.7              51     0.059109215
   10019           395.7            55.5     0.060714849
   10020           395.7              60     0.062393449
   10021           395.7            64.5     0.064149032
   10022           395.7              69     0.065985719
   10023           395.7            73.5     0.067907726
   10024           395.7              78     0.069919325
   10025           395.7            82.5     0.072024813
   10026           395.7              87     0.074228472
   10027           395.7            91.5     0.076534515
   10028           395.7              96     0.078947031
   10029           395.7           100.5     0.081469916
   10030           395.7             105     0.084106795
   10031           395.7           109.5     0.086860934
   10032           395.7             114     0.089735143
   10033           395.7           118.5     0.092731666
   10034           395.7             123     0.095852052
   10035           395.7           127.5     0.099097043
   10036           395.7             132      0.10246642
   10037           395.7           136.5      0.10595888
   10038           395.7             141      0.10957187
   10039           395.7           145.5      0.11330144
   10040           395.7             150      0.11714213
   10041           395.7           154.5      0.12108681
   10042           395.7             159      0.12512658
   10043           395.7           163.5      0.12925069
   10044           395.7             168      0.13344643
   10045           395.7           172.5      0.13769917
   10046           395.7             177      0.14199229
   10047           395.7           181.5      0.14630732
   10048           395.7             186      0.15062396
   10049           395.7           190.5      0.15492029
   10050           395.7             195      0.15917299
   10051           395.7           199.5      0.16335753
   10052           395.7             204      0.16744855
   10053           395.7           208.5      0.17142018
   10054           395.7             213      0.17524642
   10055           395.7           217.5      0.17890154
   10056           395.7             222      0.18236054
   10057           395.7           226.5      0.18559953
   10058           395.7             231      0.18859615
   10059           395.7           235.5      0.19132997
   10060           395.7             240      0.19378284
   10061           395.7           244.5      0.19593916
   10062           395.7             249      0.19778615
   10063           395.7           253.5        0.199314
   10064           395.7             258      0.20051602
   10065           395.7           262.5      0.20138865
   10066           395.7             267      0.20193141
   10067           395.7           271.5      0.20214686
   10068           395.7             276      0.20204039
   10069           395.7           280.5      0.20162005
   10070           395.7             285      0.20089629
   10071           395.7           289.5      0.19988169
   10072           395.7             294      0.19859063
   10073           395.7           298.5      0.19703902
   10074           395.7             303      0.19524394
   10075           395.7           307.5      0.19322338
   10076           395.7             312      0.19099588
   10077           395.7           316.5      0.18858032
   10078           395.7             321       0.1859956
   10079           395.7           325.5      0.18326048
   10080           395.7             330      0.18039333
   10081           395.7           334.5      0.17741198
   10082           395.7             339      0.17433356
   10083           395.7           343.5      0.17117444
   10084           395.7             348      0.16795007
   10085           395.7           352.5        0.164675
   10086           395.7             357      0.16136276
   10087           395.7           361.5       0.1580259
   10088           395.7             366      0.15467595
   10089           395.7           370.5      0.15132345
   10090           395.7             375      0.14797797
   10091           395.7           379.5      0.14464813
   10092           395.7             384      0.14134166
   10093           395.7           388.5      0.13806541
   10094           395.7             393      0.13482543
   10095           395.7           397.5      0.13162703
   10096           395.7             402      0.12847478
   10097           395.7           406.5       0.1253726
   10098           395.7             411      0.12232383
   10099           395.7           415.5      0.11933123
   10100           395.7             420      0.11639707
   10101             400             -30     0.038581373
   10102             400           -25.5     0.039372643
   10103             400             -21     0.040189595
   10104             400           -16.5     0.041033588
   10105             400             -12      0.04190608
   10106             400            -7.5     0.042808626
   10107             400              -3     0.043742892
   10108             400             1.5     0.044710654
   10109             400               6     0.045713805
   10110             400            10.5     0.046754364
   10111             400              15     0.047834477
   10112             400            19.5     0.048956423
   10113             400              24     0.050122617
   10114             400            28.5     0.051335615
   10115             400              33     0.052598111
   10116             400            37.5     0.053912942
   10117             400              42     0.055283086
   10118             400            46.5     0.056711655
   10119             400              51     0.058201894
   10120             400            55.5     0.059757169
   10121             400              60     0.061380961
   10122             400            64.5     0.063076845
   10123             400              69     0.064848474
   10124             400            73.5     0.066699556
   10125             400              78     0.068633828
   10126             400            82.5     0.070655014
   10127             400              87     0.072766793
   10128             400            91.5     0.074972746
   10129             400              96     0.077276306
   10130             400           100.5     0.079680689
   10131             400             105     0.082188828
   10132             400           109.5     0.084803292
   10133             400             114     0.087526197
   10134             400           118.5     0.090359108
   10135             400             123     0.093302934
   10136             400           127.5      0.09635782
   10137             400             132     0.099523028
   10138             400           136.5      0.10279681
   10139             400             141      0.10617631
   10140             400           145.5       0.1096574
   10141             400             150      0.11323462
   10142             400           154.5      0.11690104
   10143             400             159      0.12064817
   10144             400           163.5      0.12446593
   10145             400             168      0.12834257
   10146             400           172.5      0.13226465
   10147             400             177      0.13621709
   10148             400           181.5      0.14018323
   10149             400             186       0.1441449
   10150             400           190.5      0.14808258
   10151             400             195      0.15197557
   10152             400           199.5      0.15580225
   10153             400             204      0.15954031
   10154             400           208.5      0.16316706
   10155             400             213      0.16665973
   10156             400           217.5      0.16999587
   10157             400             222      0.17315364
   10158             400           226.5      0.17611222
   10159             400             231      0.17885208
   10160             400           235.5      0.18135539
   10161             400             240      0.18360622
   10162             400           244.5      0.18559087
   10163             400             249      0.18729801
   10164             400           253.5      0.18871887
   10165             400             258      0.18984733
   10166             400           262.5      0.19067994
   10167             400             267      0.19121592
   10168             400           271.5      0.19145709
   10169             400             276      0.19140772
   10170             400           280.5      0.19107441
   10171             400             285      0.19046586
   10172             400           289.5      0.18959265
   10173             400             294      0.18846697
   10174             400           298.5      0.18710242
   10175             400             303      0.18551369
   10176             400           307.5      0.18371629
   10177             400             312      0.18172636
   10178             400           316.5      0.17956039
   10179             400             321      0.17723497
   10180             400           325.5      0.17476668
   10181             400             330       0.1721718
   10182             400           334.5      0.16946624
   10183             400             339       0.1666654
   10184             400           343.5      0.16378401
   10185             400             348      0.16083612
   10186             400           352.5      0.15783498
   10187             400             357      0.15479301
   10188             400           361.5       0.1517218
   10189             400             366      0.14863206
   10190             400           370.5      0.14553367
   10191             400             375      0.14243562
   10192             400           379.5       0.1393461
   10193             400             384       0.1362725
   10194             400           388.5      0.13322142
   10195             400             393      0.13019875
   10196             400           397.5      0.12720971
   10197             400             402      0.12425883
   10198             400           406.5      0.12135008
   10199             400             411      0.11848685
   10200             400           415.5      0.11567203
   10201             400             420      0.11290802

VERIFICATION: max |y_pseudocode - y_network| = 7.105e-15 over 20 random points
